ts_event,integrated_ofi,multi_ofi,ofi,mid_price,returns
2024-10-21 11:54:29+00:00,403,0.0,0.0,233.70499999999998,0.0
2024-10-21 11:54:30+00:00,0,0.0,0.0,233.70499999999998,0.0
2024-10-21 11:54:31+00:00,0,0.0,0.0,233.70499999999998,0.0
2024-10-21 11:54:32+00:00,0,0.0,0.0,233.70499999999998,0.0
2024-10-21 11:54:33+00:00,0,0.0,0.0,233.70499999999998,0.0
2024-10-21 11:54:34+00:00,0,0.0,0.0,233.70499999999998,0.0
2024-10-21 11:54:35+00:00,0,0.0,0.0,233.70499999999998,0.0
2024-10-21 11:54:36+00:00,-200,0.0,0.0,233.70499999999998,0.0
2024-10-21 11:54:37+00:00,-200,0.0,0.0,233.7,-2.1394493057491637e-05
2024-10-21 11:54:38+00:00,0,0.0,0.0,233.7,0.0
2024-10-21 11:54:39+00:00,0,0.0,0.0,233.70499999999998,2.1394950791675527e-05
2024-10-21 11:54:40+00:00,0,0.0,0.0,233.70499999999998,0.0
2024-10-21 11:54:41+00:00,0,0.0,0.0,233.72,6.418347917258593e-05
2024-10-21 11:54:42+00:00,0,0.0,0.0,233.72,0.0
2024-10-21 11:54:43+00:00,0,0.0,0.0,233.72,0.0
2024-10-21 11:54:44+00:00,0,0.0,0.0,233.72,0.0
2024-10-21 11:54:45+00:00,0,0.0,0.0,233.72,0.0
2024-10-21 11:54:46+00:00,0,0.0,0.0,233.72,0.0
2024-10-21 11:54:47+00:00,0,0.0,0.0,233.72,0.0
2024-10-21 11:54:48+00:00,0,0.0,0.0,233.72,0.0
2024-10-21 11:54:49+00:00,0,0.0,0.0,233.72,0.0
2024-10-21 11:54:50+00:00,0,0.0,0.0,233.72,0.0
2024-10-21 11:54:51+00:00,0,0.0,0.0,233.72,0.0
2024-10-21 11:54:52+00:00,0,0.0,0.0,233.72,0.0
2024-10-21 11:54:53+00:00,0,0.0,0.0,233.70499999999998,-6.417935991787083e-05
2024-10-21 11:54:54+00:00,0,0.0,0.0,233.70499999999998,0.0
2024-10-21 11:54:55+00:00,399,0.0,0.0,233.70499999999998,0.0
2024-10-21 11:54:56+00:00,0,0.0,0.0,233.70499999999998,0.0
2024-10-21 11:54:57+00:00,0,0.0,0.0,233.70499999999998,0.0
2024-10-21 11:54:58+00:00,0,0.0,0.0,233.70499999999998,0.0
2024-10-21 11:54:59+00:00,0,0.0,0.0,233.70499999999998,0.0
2024-10-21 11:55:00+00:00,0,0.0,0.0,233.70499999999998,0.0
2024-10-21 11:55:01+00:00,0,0.0,0.0,233.70499999999998,0.0
2024-10-21 11:55:02+00:00,0,0.0,0.0,233.70499999999998,0.0
2024-10-21 11:55:03+00:00,0,0.0,0.0,233.70499999999998,0.0
2024-10-21 11:55:04+00:00,0,0.0,0.0,233.70499999999998,0.0
2024-10-21 11:55:05+00:00,0,0.0,0.0,233.70499999999998,0.0
2024-10-21 11:55:06+00:00,0,0.0,0.0,233.70499999999998,0.0
2024-10-21 11:55:07+00:00,0,0.0,0.0,233.70499999999998,0.0
2024-10-21 11:55:08+00:00,0,0.0,0.0,233.70499999999998,0.0
2024-10-21 11:55:09+00:00,2,0.0,0.0,233.70499999999998,0.0
2024-10-21 11:55:10+00:00,0,0.0,0.0,233.70499999999998,0.0
2024-10-21 11:55:11+00:00,0,0.0,0.0,233.70499999999998,0.0
2024-10-21 11:55:12+00:00,0,0.0,0.0,233.70499999999998,0.0
2024-10-21 11:55:13+00:00,400,0.0,0.0,233.70499999999998,0.0
2024-10-21 11:55:14+00:00,0,0.0,0.0,233.70499999999998,0.0
2024-10-21 11:55:15+00:00,0,0.0,0.0,233.70499999999998,0.0
2024-10-21 11:55:16+00:00,0,0.0,0.0,233.70499999999998,0.0
2024-10-21 11:55:17+00:00,0,0.0,0.0,233.70499999999998,0.0
2024-10-21 11:55:18+00:00,0,0.0,0.0,233.70499999999998,0.0
2024-10-21 11:55:19+00:00,0,0.0,0.0,233.70499999999998,0.0
2024-10-21 11:55:20+00:00,0,0.0,0.0,233.70499999999998,0.0
2024-10-21 11:55:21+00:00,0,0.0,0.0,233.70499999999998,0.0
2024-10-21 11:55:22+00:00,400,0.0,0.0,233.70499999999998,0.0
2024-10-21 11:55:23+00:00,0,0.0,0.0,233.70499999999998,0.0
2024-10-21 11:55:24+00:00,0,0.0,0.0,233.70499999999998,0.0
2024-10-21 11:55:25+00:00,0,0.0,0.0,233.70499999999998,0.0
2024-10-21 11:55:26+00:00,-200,0.0,0.0,233.7,-2.1394493057491637e-05
2024-10-21 11:55:27+00:00,0,0.0,0.0,233.7,0.0
2024-10-21 11:55:28+00:00,0,0.0,0.0,233.7,0.0
2024-10-21 11:55:29+00:00,0,0.0,0.0,233.7,0.0
2024-10-21 11:55:30+00:00,403,0.0,0.0,233.7,0.0
2024-10-21 11:55:31+00:00,-3,0.0,0.0,233.7,0.0
2024-10-21 11:55:32+00:00,0,0.0,0.0,233.7,0.0
2024-10-21 11:55:33+00:00,0,0.0,0.0,233.7,0.0
2024-10-21 11:55:34+00:00,-139,0.0,0.0,233.7,0.0
2024-10-21 11:55:35+00:00,-205,0.0,0.0,233.635,-0.0002781343602910047
2024-10-21 11:55:36+00:00,0,0.0,0.0,233.635,0.0
2024-10-21 11:55:37+00:00,0,0.0,0.0,233.635,0.0
2024-10-21 11:55:38+00:00,0,0.0,0.0,233.64,2.140090311808507e-05
2024-10-21 11:55:39+00:00,0,0.0,0.0,233.64,0.0
2024-10-21 11:55:40+00:00,0,0.0,0.0,233.64,0.0
2024-10-21 11:55:41+00:00,0,0.0,0.0,233.64,0.0
2024-10-21 11:55:42+00:00,0,0.0,0.0,233.64,0.0
2024-10-21 11:55:43+00:00,0,0.0,0.0,233.64,0.0
2024-10-21 11:55:44+00:00,2,0.0,0.0,233.645,2.140044512932704e-05
2024-10-21 11:55:45+00:00,0,0.0,0.0,233.645,0.0
2024-10-21 11:55:46+00:00,0,0.0,0.0,233.645,0.0
2024-10-21 11:55:47+00:00,0,0.0,0.0,233.645,0.0
2024-10-21 11:55:48+00:00,0,0.0,0.0,233.645,0.0
2024-10-21 11:55:49+00:00,0,0.0,0.0,233.645,0.0
2024-10-21 11:55:50+00:00,0,0.0,0.0,233.645,0.0
2024-10-21 11:55:51+00:00,0,0.0,0.0,233.645,0.0
2024-10-21 11:55:52+00:00,0,0.0,0.0,233.645,0.0
2024-10-21 11:55:53+00:00,1,0.0,0.0,233.645,0.0
2024-10-21 11:55:54+00:00,199,0.0,0.0,233.655,4.2799974319995826e-05
2024-10-21 11:55:55+00:00,200,0.0,0.0,233.655,0.0
2024-10-21 11:55:56+00:00,0,0.0,0.0,233.655,0.0
2024-10-21 11:55:57+00:00,0,0.0,0.0,233.655,0.0
2024-10-21 11:55:58+00:00,200,0.0,0.0,233.655,0.0
2024-10-21 11:55:59+00:00,0,0.0,0.0,233.655,0.0
2024-10-21 11:56:00+00:00,0,0.0,0.0,233.655,0.0
2024-10-21 11:56:01+00:00,0,0.0,0.0,233.655,0.0
2024-10-21 11:56:02+00:00,0,0.0,0.0,233.655,0.0
2024-10-21 11:56:03+00:00,0,0.0,0.0,233.655,0.0
2024-10-21 11:56:04+00:00,0,0.0,0.0,233.655,0.0
2024-10-21 11:56:05+00:00,0,0.0,0.0,233.655,0.0
2024-10-21 11:56:06+00:00,0,0.0,0.0,233.655,0.0
2024-10-21 11:56:07+00:00,2,0.0,0.0,233.655,0.0
2024-10-21 11:56:08+00:00,0,0.0,0.0,233.655,0.0
2024-10-21 11:56:09+00:00,0,0.0,0.0,233.655,0.0
2024-10-21 11:56:10+00:00,0,0.0,0.0,233.655,0.0
2024-10-21 11:56:11+00:00,198,0.0,0.0,233.66,2.1399071280292503e-05
2024-10-21 11:56:12+00:00,0,0.0,0.0,233.66,0.0
2024-10-21 11:56:13+00:00,0,0.0,0.0,233.66,0.0
2024-10-21 11:56:14+00:00,0,0.0,0.0,233.66,0.0
2024-10-21 11:56:15+00:00,-202,0.0,0.0,233.66,0.0
2024-10-21 11:56:16+00:00,0,0.0,0.0,233.66,0.0
2024-10-21 11:56:17+00:00,-2,0.0,0.0,233.66,0.0
2024-10-21 11:56:18+00:00,0,0.0,0.0,233.66,0.0
2024-10-21 11:56:19+00:00,0,0.0,0.0,233.66,0.0
2024-10-21 11:56:20+00:00,0,0.0,0.0,233.66,0.0
2024-10-21 11:56:21+00:00,0,0.0,0.0,233.66,0.0
2024-10-21 11:56:22+00:00,0,0.0,0.0,233.66,0.0
2024-10-21 11:56:23+00:00,601,0.0,0.0,233.66500000000002,2.139861336991622e-05
2024-10-21 11:56:24+00:00,200,0.0,0.0,233.66500000000002,0.0
2024-10-21 11:56:25+00:00,-200,0.0,0.0,233.66500000000002,0.0
2024-10-21 11:56:26+00:00,0,0.0,0.0,233.66500000000002,0.0
2024-10-21 11:56:27+00:00,0,0.0,0.0,233.66500000000002,0.0
2024-10-21 11:56:28+00:00,0,0.0,0.0,233.66500000000002,0.0
2024-10-21 11:56:29+00:00,-1,0.0,0.0,233.66500000000002,0.0
2024-10-21 11:56:30+00:00,0,0.0,0.0,233.66500000000002,0.0
2024-10-21 11:56:31+00:00,0,0.0,0.0,233.66500000000002,0.0
2024-10-21 11:56:32+00:00,0,0.0,0.0,233.66500000000002,0.0
2024-10-21 11:56:33+00:00,0,0.0,0.0,233.66500000000002,0.0
2024-10-21 11:56:34+00:00,-200,0.0,0.0,233.66500000000002,0.0
2024-10-21 11:56:35+00:00,0,0.0,0.0,233.66500000000002,0.0
2024-10-21 11:56:36+00:00,0,0.0,0.0,233.66500000000002,0.0
2024-10-21 11:56:37+00:00,0,0.0,0.0,233.66500000000002,0.0
2024-10-21 11:56:38+00:00,0,0.0,0.0,233.66500000000002,0.0
2024-10-21 11:56:39+00:00,0,0.0,0.0,233.66500000000002,0.0
2024-10-21 11:56:40+00:00,0,0.0,0.0,233.66500000000002,0.0
2024-10-21 11:56:41+00:00,0,0.0,0.0,233.66500000000002,0.0
2024-10-21 11:56:42+00:00,200,0.0,0.0,233.66500000000002,0.0
2024-10-21 11:56:43+00:00,0,0.0,0.0,233.66500000000002,0.0
2024-10-21 11:56:44+00:00,0,0.0,0.0,233.66500000000002,0.0
2024-10-21 11:56:45+00:00,0,0.0,0.0,233.66500000000002,0.0
2024-10-21 11:56:46+00:00,0,0.0,0.0,233.66500000000002,0.0
2024-10-21 11:56:47+00:00,0,0.0,0.0,233.66500000000002,0.0
2024-10-21 11:56:48+00:00,0,0.0,0.0,233.66500000000002,0.0
2024-10-21 11:56:49+00:00,0,0.0,0.0,233.66500000000002,0.0
2024-10-21 11:56:50+00:00,0,0.0,0.0,233.66500000000002,0.0
2024-10-21 11:56:51+00:00,200,0.0,0.0,233.66500000000002,0.0
2024-10-21 11:56:52+00:00,0,0.0,0.0,233.66500000000002,0.0
2024-10-21 11:56:53+00:00,0,0.0,0.0,233.66500000000002,0.0
2024-10-21 11:56:54+00:00,0,0.0,0.0,233.66500000000002,0.0
2024-10-21 11:56:55+00:00,-200,0.0,0.0,233.66500000000002,0.0
2024-10-21 11:56:56+00:00,0,0.0,0.0,233.66500000000002,0.0
2024-10-21 11:56:57+00:00,0,0.0,0.0,233.66500000000002,0.0
2024-10-21 11:56:58+00:00,0,0.0,0.0,233.66500000000002,0.0
2024-10-21 11:56:59+00:00,0,0.0,0.0,233.66500000000002,0.0
2024-10-21 11:57:00+00:00,0,0.0,0.0,233.66500000000002,0.0
2024-10-21 11:57:01+00:00,0,0.0,0.0,233.66500000000002,0.0
2024-10-21 11:57:02+00:00,0,0.0,0.0,233.66500000000002,0.0
2024-10-21 11:57:03+00:00,0,0.0,0.0,233.66500000000002,0.0
2024-10-21 11:57:04+00:00,0,0.0,0.0,233.66500000000002,0.0
2024-10-21 11:57:05+00:00,0,0.0,0.0,233.66500000000002,0.0
2024-10-21 11:57:06+00:00,1,0.0,0.0,233.70999999999998,0.00019258339931083057
2024-10-21 11:57:07+00:00,0,0.0,0.0,233.70999999999998,0.0
2024-10-21 11:57:08+00:00,0,0.0,0.0,233.70999999999998,0.0
2024-10-21 11:57:09+00:00,0,0.0,0.0,233.70999999999998,0.0
2024-10-21 11:57:10+00:00,0,0.0,0.0,233.70999999999998,0.0
2024-10-21 11:57:11+00:00,0,0.0,0.0,233.70999999999998,0.0
2024-10-21 11:57:12+00:00,0,0.0,0.0,233.70999999999998,0.0
2024-10-21 11:57:13+00:00,0,0.0,0.0,233.70999999999998,0.0
2024-10-21 11:57:14+00:00,2,0.0,0.0,233.70999999999998,0.0
2024-10-21 11:57:15+00:00,-200,0.0,0.0,233.70999999999998,0.0
2024-10-21 11:57:16+00:00,0,0.0,0.0,233.70999999999998,0.0
2024-10-21 11:57:17+00:00,-200,0.0,0.0,233.70999999999998,0.0
2024-10-21 11:57:18+00:00,0,0.0,0.0,233.70999999999998,0.0
2024-10-21 11:57:19+00:00,0,0.0,0.0,233.70999999999998,0.0
2024-10-21 11:57:20+00:00,-20,0.0,0.0,233.695,-6.418210602876506e-05
2024-10-21 11:57:21+00:00,0,0.0,0.0,233.695,0.0
2024-10-21 11:57:22+00:00,0,0.0,0.0,233.695,0.0
2024-10-21 11:57:23+00:00,-402,0.0,0.0,233.625,-0.0002995357196345916
2024-10-21 11:57:24+00:00,0,0.0,0.0,233.625,0.0
2024-10-21 11:57:25+00:00,400,0.0,0.0,233.63,2.140181915466499e-05
2024-10-21 11:57:26+00:00,200,0.0,0.0,233.63,0.0
2024-10-21 11:57:27+00:00,0,0.0,0.0,233.63,0.0
2024-10-21 11:57:28+00:00,0,0.0,0.0,233.63,0.0
2024-10-21 11:57:29+00:00,0,0.0,0.0,233.63,0.0
2024-10-21 11:57:30+00:00,200,0.0,0.0,233.63,0.0
2024-10-21 11:57:31+00:00,-500,0.0,0.0,233.63,0.0
2024-10-21 11:57:32+00:00,0,0.0,0.0,233.63,0.0
2024-10-21 11:57:33+00:00,0,0.0,0.0,233.63,0.0
2024-10-21 11:57:34+00:00,0,0.0,0.0,233.63,0.0
2024-10-21 11:57:35+00:00,0,0.0,0.0,233.63,0.0
2024-10-21 11:57:36+00:00,-180,0.0,0.0,233.64,4.280272225298809e-05
2024-10-21 11:57:37+00:00,1,0.0,0.0,233.695,0.0002354048964219313
2024-10-21 11:57:38+00:00,200,0.0,0.0,233.695,0.0
2024-10-21 11:57:39+00:00,0,0.0,0.0,233.695,0.0
2024-10-21 11:57:40+00:00,-1,0.0,0.0,233.695,0.0
2024-10-21 11:57:41+00:00,-200,0.0,0.0,233.695,0.0
2024-10-21 11:57:42+00:00,600,0.0,0.0,233.695,0.0
2024-10-21 11:57:43+00:00,0,0.0,0.0,233.695,0.0
2024-10-21 11:57:44+00:00,0,0.0,0.0,233.695,0.0
2024-10-21 11:57:45+00:00,0,0.0,0.0,233.695,0.0
2024-10-21 11:57:46+00:00,0,0.0,0.0,233.695,0.0
2024-10-21 11:57:47+00:00,0,0.0,0.0,233.695,0.0
2024-10-21 11:57:48+00:00,205,0.0,0.0,233.695,0.0
2024-10-21 11:57:49+00:00,0,0.0,0.0,233.695,0.0
2024-10-21 11:57:50+00:00,0,0.0,0.0,233.695,0.0
2024-10-21 11:57:51+00:00,-201,0.0,0.0,233.695,0.0
2024-10-21 11:57:52+00:00,0,0.0,0.0,233.695,0.0
2024-10-21 11:57:53+00:00,0,0.0,0.0,233.695,0.0
2024-10-21 11:57:54+00:00,0,0.0,0.0,233.695,0.0
2024-10-21 11:57:55+00:00,0,0.0,0.0,233.695,0.0
2024-10-21 11:57:56+00:00,0,0.0,0.0,233.695,0.0
2024-10-21 11:57:57+00:00,0,0.0,0.0,233.695,0.0
2024-10-21 11:57:58+00:00,-200,0.0,0.0,233.695,0.0
2024-10-21 11:57:59+00:00,0,0.0,0.0,233.695,0.0
2024-10-21 11:58:00+00:00,0,0.0,0.0,233.695,0.0
2024-10-21 11:58:01+00:00,0,0.0,0.0,233.695,0.0
2024-10-21 11:58:02+00:00,0,0.0,0.0,233.695,0.0
2024-10-21 11:58:03+00:00,0,0.0,0.0,233.695,0.0
2024-10-21 11:58:04+00:00,0,0.0,0.0,233.695,0.0
2024-10-21 11:58:05+00:00,0,0.0,0.0,233.695,0.0
2024-10-21 11:58:06+00:00,0,0.0,0.0,233.695,0.0
2024-10-21 11:58:07+00:00,0,0.0,0.0,233.695,0.0
2024-10-21 11:58:08+00:00,0,0.0,0.0,233.695,0.0
2024-10-21 11:58:09+00:00,0,0.0,0.0,233.695,0.0
2024-10-21 11:58:10+00:00,0,0.0,0.0,233.695,0.0
2024-10-21 11:58:11+00:00,0,0.0,0.0,233.695,0.0
2024-10-21 11:58:12+00:00,0,0.0,0.0,233.695,0.0
2024-10-21 11:58:13+00:00,0,0.0,0.0,233.695,0.0
2024-10-21 11:58:14+00:00,0,0.0,0.0,233.695,0.0
2024-10-21 11:58:15+00:00,0,0.0,0.0,233.695,0.0
2024-10-21 11:58:16+00:00,0,0.0,0.0,233.695,0.0
2024-10-21 11:58:17+00:00,0,0.0,0.0,233.695,0.0
2024-10-21 11:58:18+00:00,2,0.0,0.0,233.695,0.0
2024-10-21 11:58:19+00:00,0,0.0,0.0,233.695,0.0
2024-10-21 11:58:20+00:00,0,0.0,0.0,233.695,0.0
2024-10-21 11:58:21+00:00,0,0.0,0.0,233.695,0.0
2024-10-21 11:58:22+00:00,0,0.0,0.0,233.695,0.0
2024-10-21 11:58:23+00:00,0,0.0,0.0,233.695,0.0
2024-10-21 11:58:24+00:00,0,0.0,0.0,233.695,0.0
2024-10-21 11:58:25+00:00,0,0.0,0.0,233.695,0.0
2024-10-21 11:58:26+00:00,0,0.0,0.0,233.695,0.0
2024-10-21 11:58:27+00:00,0,0.0,0.0,233.695,0.0
2024-10-21 11:58:28+00:00,0,0.0,0.0,233.695,0.0
2024-10-21 11:58:29+00:00,0,0.0,0.0,233.695,0.0
2024-10-21 11:58:30+00:00,0,0.0,0.0,233.695,0.0
2024-10-21 11:58:31+00:00,0,0.0,0.0,233.695,0.0
2024-10-21 11:58:32+00:00,200,0.0,0.0,233.695,0.0
2024-10-21 11:58:33+00:00,0,0.0,0.0,233.695,0.0
2024-10-21 11:58:34+00:00,0,0.0,0.0,233.695,0.0
2024-10-21 11:58:35+00:00,0,0.0,0.0,233.695,0.0
2024-10-21 11:58:36+00:00,0,0.0,0.0,233.695,0.0
2024-10-21 11:58:37+00:00,0,0.0,0.0,233.695,0.0
2024-10-21 11:58:38+00:00,0,0.0,0.0,233.695,0.0
2024-10-21 11:58:39+00:00,0,0.0,0.0,233.695,0.0
2024-10-21 11:58:40+00:00,-3,0.0,0.0,233.695,0.0
2024-10-21 11:58:41+00:00,0,0.0,0.0,233.695,0.0
2024-10-21 11:58:42+00:00,0,0.0,0.0,233.695,0.0
2024-10-21 11:58:43+00:00,0,0.0,0.0,233.695,0.0
2024-10-21 11:58:44+00:00,0,0.0,0.0,233.695,0.0
2024-10-21 11:58:45+00:00,0,0.0,0.0,233.695,0.0
2024-10-21 11:58:46+00:00,0,0.0,0.0,233.695,0.0
2024-10-21 11:58:47+00:00,0,0.0,0.0,233.695,0.0
2024-10-21 11:58:48+00:00,0,0.0,0.0,233.695,0.0
2024-10-21 11:58:49+00:00,0,0.0,0.0,233.695,0.0
2024-10-21 11:58:50+00:00,-400,0.0,0.0,233.695,0.0
2024-10-21 11:58:51+00:00,0,0.0,0.0,233.695,0.0
2024-10-21 11:58:52+00:00,0,0.0,0.0,233.695,0.0
2024-10-21 11:58:53+00:00,285,0.0,0.0,233.725,0.00012837245127195196
2024-10-21 11:58:54+00:00,-480,0.0,0.0,233.7,-0.00010696331158410732
2024-10-21 11:58:55+00:00,0,0.0,0.0,233.7,0.0
2024-10-21 11:58:56+00:00,0,0.0,0.0,233.7,0.0
2024-10-21 11:58:57+00:00,0,0.0,0.0,233.7,0.0
2024-10-21 11:58:58+00:00,-525,0.0,0.0,233.735,0.00014976465554150664
2024-10-21 11:58:59+00:00,-276,0.0,0.0,233.71,-0.00010695873531996192
2024-10-21 11:59:00+00:00,-196,0.0,0.0,233.71,0.0
2024-10-21 11:59:01+00:00,-3,0.0,0.0,233.71,0.0
2024-10-21 11:59:02+00:00,200,0.0,0.0,233.71,0.0
2024-10-21 11:59:03+00:00,0,0.0,0.0,233.71,0.0
2024-10-21 11:59:04+00:00,0,0.0,0.0,233.71,0.0
2024-10-21 11:59:05+00:00,200,0.0,0.0,233.71,0.0
2024-10-21 11:59:06+00:00,0,0.0,0.0,233.71,0.0
2024-10-21 11:59:07+00:00,0,0.0,0.0,233.71,0.0
2024-10-21 11:59:08+00:00,0,0.0,0.0,233.71,0.0
2024-10-21 11:59:09+00:00,0,0.0,0.0,233.71,0.0
2024-10-21 11:59:10+00:00,0,0.0,0.0,233.71,0.0
2024-10-21 11:59:11+00:00,0,0.0,0.0,233.71,0.0
2024-10-21 11:59:12+00:00,0,0.0,0.0,233.71,0.0
2024-10-21 11:59:13+00:00,0,0.0,0.0,233.71,0.0
2024-10-21 11:59:14+00:00,0,0.0,0.0,233.71,0.0
2024-10-21 11:59:15+00:00,0,0.0,0.0,233.71,0.0
2024-10-21 11:59:16+00:00,0,0.0,0.0,233.71,0.0
2024-10-21 11:59:17+00:00,0,0.0,0.0,233.71,0.0
2024-10-21 11:59:18+00:00,0,0.0,0.0,233.71,0.0
2024-10-21 11:59:19+00:00,0,0.0,0.0,233.71,0.0
2024-10-21 11:59:20+00:00,0,0.0,0.0,233.71,0.0
2024-10-21 11:59:21+00:00,0,0.0,0.0,233.71,0.0
2024-10-21 11:59:22+00:00,0,0.0,0.0,233.71,0.0
2024-10-21 11:59:23+00:00,0,0.0,0.0,233.71,0.0
2024-10-21 11:59:24+00:00,-200,0.0,0.0,233.71,0.0
2024-10-21 11:59:25+00:00,0,0.0,0.0,233.71,0.0
2024-10-21 11:59:26+00:00,0,0.0,0.0,233.71,0.0
2024-10-21 11:59:27+00:00,0,0.0,0.0,233.71,0.0
2024-10-21 11:59:28+00:00,0,0.0,0.0,233.71,0.0
2024-10-21 11:59:29+00:00,-601,0.0,0.0,233.71,0.0
2024-10-21 11:59:30+00:00,200,0.0,0.0,233.715,2.1394035342847673e-05
2024-10-21 11:59:31+00:00,0,0.0,0.0,233.715,0.0
2024-10-21 11:59:32+00:00,0,0.0,0.0,233.715,0.0
2024-10-21 11:59:33+00:00,0,0.0,0.0,233.715,0.0
2024-10-21 11:59:34+00:00,0,0.0,0.0,233.715,0.0
2024-10-21 11:59:35+00:00,0,0.0,0.0,233.715,0.0
2024-10-21 11:59:36+00:00,0,0.0,0.0,233.715,0.0
2024-10-21 11:59:37+00:00,0,0.0,0.0,233.715,0.0
2024-10-21 11:59:38+00:00,0,0.0,0.0,233.715,0.0
2024-10-21 11:59:39+00:00,0,0.0,0.0,233.715,0.0
2024-10-21 11:59:40+00:00,1,0.0,0.0,233.715,0.0
2024-10-21 11:59:41+00:00,0,0.0,0.0,233.715,0.0
2024-10-21 11:59:42+00:00,0,0.0,0.0,233.715,0.0
2024-10-21 11:59:43+00:00,0,0.0,0.0,233.715,0.0
2024-10-21 11:59:44+00:00,200,0.0,0.0,233.715,0.0
2024-10-21 11:59:45+00:00,0,0.0,0.0,233.715,0.0
2024-10-21 11:59:46+00:00,0,0.0,0.0,233.715,0.0
2024-10-21 11:59:47+00:00,0,0.0,0.0,233.715,0.0
2024-10-21 11:59:48+00:00,0,0.0,0.0,233.715,0.0
2024-10-21 11:59:49+00:00,0,0.0,0.0,233.715,0.0
2024-10-21 11:59:50+00:00,0,0.0,0.0,233.715,0.0
2024-10-21 11:59:51+00:00,0,0.0,0.0,233.715,0.0
2024-10-21 11:59:52+00:00,0,0.0,0.0,233.715,0.0
2024-10-21 11:59:53+00:00,0,0.0,0.0,233.715,0.0
2024-10-21 11:59:54+00:00,0,0.0,0.0,233.715,0.0
2024-10-21 11:59:55+00:00,0,0.0,0.0,233.715,0.0
2024-10-21 11:59:56+00:00,-199,0.0,0.0,233.715,0.0
2024-10-21 11:59:57+00:00,201,0.0,0.0,233.715,0.0
2024-10-21 11:59:58+00:00,0,0.0,0.0,233.715,0.0
2024-10-21 11:59:59+00:00,0,0.0,0.0,233.715,0.0
2024-10-21 12:00:00+00:00,0,0.0,0.0,233.715,0.0
2024-10-21 12:00:01+00:00,200,0.0,0.0,233.715,0.0
2024-10-21 12:00:02+00:00,399,0.0,0.0,233.715,0.0
2024-10-21 12:00:03+00:00,400,0.0,0.0,233.715,0.0
2024-10-21 12:00:04+00:00,0,0.0,0.0,233.715,0.0
2024-10-21 12:00:05+00:00,0,0.0,0.0,233.715,0.0
2024-10-21 12:00:06+00:00,0,0.0,0.0,233.715,0.0
2024-10-21 12:00:07+00:00,-197,0.0,0.0,233.655,-0.0002567229317759212
2024-10-21 12:00:08+00:00,-1,0.0,0.0,233.655,0.0
2024-10-21 12:00:09+00:00,0,0.0,0.0,233.655,0.0
2024-10-21 12:00:10+00:00,0,0.0,0.0,233.655,0.0
2024-10-21 12:00:11+00:00,200,0.0,0.0,233.655,0.0
2024-10-21 12:00:12+00:00,0,0.0,0.0,233.655,0.0
2024-10-21 12:00:13+00:00,0,0.0,0.0,233.655,0.0
2024-10-21 12:00:14+00:00,0,0.0,0.0,233.655,0.0
2024-10-21 12:00:15+00:00,-403,0.0,0.0,233.655,0.0
2024-10-21 12:00:16+00:00,200,0.0,0.0,233.655,0.0
2024-10-21 12:00:17+00:00,0,0.0,0.0,233.655,0.0
2024-10-21 12:00:18+00:00,0,0.0,0.0,233.655,0.0
2024-10-21 12:00:19+00:00,0,0.0,0.0,233.655,0.0
2024-10-21 12:00:20+00:00,0,0.0,0.0,233.655,0.0
2024-10-21 12:00:21+00:00,0,0.0,0.0,233.655,0.0
2024-10-21 12:00:22+00:00,0,0.0,0.0,233.655,0.0
2024-10-21 12:00:23+00:00,0,0.0,0.0,233.655,0.0
2024-10-21 12:00:24+00:00,0,0.0,0.0,233.655,0.0
2024-10-21 12:00:25+00:00,0,0.0,0.0,233.655,0.0
2024-10-21 12:00:26+00:00,0,0.0,0.0,233.655,0.0
2024-10-21 12:00:27+00:00,0,0.0,0.0,233.655,0.0
2024-10-21 12:00:28+00:00,0,0.0,0.0,233.655,0.0
2024-10-21 12:00:29+00:00,0,0.0,0.0,233.655,0.0
2024-10-21 12:00:30+00:00,200,0.0,0.0,233.655,0.0
2024-10-21 12:00:31+00:00,0,0.0,0.0,233.655,0.0
2024-10-21 12:00:32+00:00,0,0.0,0.0,233.655,0.0
2024-10-21 12:00:33+00:00,0,0.0,0.0,233.655,0.0
2024-10-21 12:00:34+00:00,202,0.0,0.0,233.655,0.0
2024-10-21 12:00:35+00:00,0,0.0,0.0,233.655,0.0
2024-10-21 12:00:36+00:00,0,0.0,0.0,233.655,0.0
2024-10-21 12:00:37+00:00,0,0.0,0.0,233.655,0.0
2024-10-21 12:00:38+00:00,0,0.0,0.0,233.655,0.0
2024-10-21 12:00:39+00:00,0,0.0,0.0,233.655,0.0
2024-10-21 12:00:40+00:00,-802,0.0,0.0,233.655,0.0
2024-10-21 12:00:41+00:00,0,0.0,0.0,233.655,0.0
2024-10-21 12:00:42+00:00,0,0.0,0.0,233.655,0.0
2024-10-21 12:00:43+00:00,0,0.0,0.0,233.655,0.0
2024-10-21 12:00:44+00:00,0,0.0,0.0,233.655,0.0
2024-10-21 12:00:45+00:00,0,0.0,0.0,233.655,0.0
2024-10-21 12:00:46+00:00,0,0.0,0.0,233.655,0.0
2024-10-21 12:00:47+00:00,0,0.0,0.0,233.655,0.0
2024-10-21 12:00:48+00:00,0,0.0,0.0,233.655,0.0
2024-10-21 12:00:49+00:00,0,0.0,0.0,233.655,0.0
2024-10-21 12:00:50+00:00,0,0.0,0.0,233.655,0.0
2024-10-21 12:00:51+00:00,896,0.0,0.0,233.66000000000003,2.1399071280514548e-05
2024-10-21 12:00:52+00:00,0,0.0,0.0,233.66000000000003,0.0
2024-10-21 12:00:53+00:00,201,0.0,0.0,233.66000000000003,0.0
2024-10-21 12:00:54+00:00,0,0.0,0.0,233.66000000000003,0.0
2024-10-21 12:00:55+00:00,0,0.0,0.0,233.66000000000003,0.0
2024-10-21 12:00:56+00:00,0,0.0,0.0,233.66000000000003,0.0
2024-10-21 12:00:57+00:00,0,0.0,0.0,233.66000000000003,0.0
2024-10-21 12:00:58+00:00,0,0.0,0.0,233.66000000000003,0.0
2024-10-21 12:00:59+00:00,0,0.0,0.0,233.66000000000003,0.0
2024-10-21 12:01:00+00:00,-200,0.0,0.0,233.66000000000003,0.0
2024-10-21 12:01:01+00:00,200,0.0,0.0,233.66000000000003,0.0
2024-10-21 12:01:02+00:00,400,0.0,0.0,233.66000000000003,0.0
2024-10-21 12:01:03+00:00,0,0.0,0.0,233.66000000000003,0.0
2024-10-21 12:01:04+00:00,1,0.0,0.0,233.66000000000003,0.0
2024-10-21 12:01:05+00:00,3,0.0,0.0,233.66000000000003,0.0
2024-10-21 12:01:06+00:00,-200,0.0,0.0,233.66000000000003,0.0
2024-10-21 12:01:07+00:00,599,0.0,0.0,233.66000000000003,0.0
2024-10-21 12:01:08+00:00,0,0.0,0.0,233.66000000000003,0.0
2024-10-21 12:01:09+00:00,1,0.0,0.0,233.66500000000002,2.139861336991622e-05
2024-10-21 12:01:10+00:00,0,0.0,0.0,233.66500000000002,0.0
2024-10-21 12:01:11+00:00,0,0.0,0.0,233.66500000000002,0.0
2024-10-21 12:01:12+00:00,0,0.0,0.0,233.66500000000002,0.0
2024-10-21 12:01:13+00:00,-1,0.0,0.0,233.66500000000002,0.0
2024-10-21 12:01:14+00:00,0,0.0,0.0,233.66500000000002,0.0
2024-10-21 12:01:15+00:00,0,0.0,0.0,233.66500000000002,0.0
2024-10-21 12:01:16+00:00,0,0.0,0.0,233.66500000000002,0.0
2024-10-21 12:01:17+00:00,0,0.0,0.0,233.66500000000002,0.0
2024-10-21 12:01:18+00:00,0,0.0,0.0,233.66500000000002,0.0
2024-10-21 12:01:19+00:00,0,0.0,0.0,233.66500000000002,0.0
2024-10-21 12:01:20+00:00,0,0.0,0.0,233.66500000000002,0.0
2024-10-21 12:01:21+00:00,0,0.0,0.0,233.66500000000002,0.0
2024-10-21 12:01:22+00:00,0,0.0,0.0,233.66500000000002,0.0
2024-10-21 12:01:23+00:00,0,0.0,0.0,233.66500000000002,0.0
2024-10-21 12:01:24+00:00,0,0.0,0.0,233.66500000000002,0.0
2024-10-21 12:01:25+00:00,0,0.0,0.0,233.66500000000002,0.0
2024-10-21 12:01:26+00:00,0,0.0,0.0,233.66500000000002,0.0
2024-10-21 12:01:27+00:00,0,0.0,0.0,233.66500000000002,0.0
2024-10-21 12:01:28+00:00,0,0.0,0.0,233.66500000000002,0.0
2024-10-21 12:01:29+00:00,0,0.0,0.0,233.66500000000002,0.0
2024-10-21 12:01:30+00:00,0,0.0,0.0,233.66500000000002,0.0
2024-10-21 12:01:31+00:00,0,0.0,0.0,233.66500000000002,0.0
2024-10-21 12:01:32+00:00,0,0.0,0.0,233.66500000000002,0.0
2024-10-21 12:01:33+00:00,400,0.0,0.0,233.66500000000002,0.0
2024-10-21 12:01:34+00:00,0,0.0,0.0,233.66500000000002,0.0
2024-10-21 12:01:35+00:00,-199,0.0,0.0,233.66500000000002,0.0
2024-10-21 12:01:36+00:00,0,0.0,0.0,233.66500000000002,0.0
2024-10-21 12:01:37+00:00,-1,0.0,0.0,233.66,-2.139815547907986e-05
2024-10-21 12:01:38+00:00,0,0.0,0.0,233.66,0.0
2024-10-21 12:01:39+00:00,0,0.0,0.0,233.66,0.0
2024-10-21 12:01:40+00:00,0,0.0,0.0,233.66,0.0
2024-10-21 12:01:41+00:00,0,0.0,0.0,233.66,0.0
2024-10-21 12:01:42+00:00,0,0.0,0.0,233.66500000000002,2.139861336991622e-05
2024-10-21 12:01:43+00:00,0,0.0,0.0,233.66500000000002,0.0
2024-10-21 12:01:44+00:00,199,0.0,0.0,233.66500000000002,0.0
2024-10-21 12:01:45+00:00,0,0.0,0.0,233.66500000000002,0.0
2024-10-21 12:01:46+00:00,0,0.0,0.0,233.66500000000002,0.0
2024-10-21 12:01:47+00:00,0,0.0,0.0,233.66500000000002,0.0
2024-10-21 12:01:48+00:00,204,0.0,0.0,233.66500000000002,0.0
2024-10-21 12:01:49+00:00,0,0.0,0.0,233.66500000000002,0.0
2024-10-21 12:01:50+00:00,-2,0.0,0.0,233.66500000000002,0.0
2024-10-21 12:01:51+00:00,0,0.0,0.0,233.66500000000002,0.0
2024-10-21 12:01:52+00:00,0,0.0,0.0,233.66500000000002,0.0
2024-10-21 12:01:53+00:00,0,0.0,0.0,233.66500000000002,0.0
2024-10-21 12:01:54+00:00,0,0.0,0.0,233.66500000000002,0.0
2024-10-21 12:01:55+00:00,0,0.0,0.0,233.66500000000002,0.0
2024-10-21 12:01:56+00:00,0,0.0,0.0,233.66500000000002,0.0
2024-10-21 12:01:57+00:00,0,0.0,0.0,233.66500000000002,0.0
2024-10-21 12:01:58+00:00,0,0.0,0.0,233.66500000000002,0.0
2024-10-21 12:01:59+00:00,0,0.0,0.0,233.67000000000002,2.139815547907986e-05
2024-10-21 12:02:00+00:00,0,0.0,0.0,233.67000000000002,0.0
2024-10-21 12:02:01+00:00,1,0.0,0.0,233.685,6.419309282312824e-05
2024-10-21 12:02:02+00:00,0,0.0,0.0,233.685,0.0
2024-10-21 12:02:03+00:00,0,0.0,0.0,233.685,0.0
2024-10-21 12:02:04+00:00,0,0.0,0.0,233.685,0.0
2024-10-21 12:02:05+00:00,-200,0.0,0.0,233.69,2.139632411157777e-05
2024-10-21 12:02:06+00:00,0,0.0,0.0,233.69,0.0
2024-10-21 12:02:07+00:00,-200,0.0,0.0,233.685,-2.139586631866308e-05
2024-10-21 12:02:08+00:00,0,0.0,0.0,233.685,0.0
2024-10-21 12:02:09+00:00,0,0.0,0.0,233.685,0.0
2024-10-21 12:02:10+00:00,0,0.0,0.0,233.685,0.0
2024-10-21 12:02:11+00:00,0,0.0,0.0,233.685,0.0
2024-10-21 12:02:12+00:00,0,0.0,0.0,233.685,0.0
2024-10-21 12:02:13+00:00,0,0.0,0.0,233.685,0.0
2024-10-21 12:02:14+00:00,0,0.0,0.0,233.685,0.0
2024-10-21 12:02:15+00:00,0,0.0,0.0,233.685,0.0
2024-10-21 12:02:16+00:00,0,0.0,0.0,233.685,0.0
2024-10-21 12:02:17+00:00,200,0.0,0.0,233.69,2.139632411157777e-05
2024-10-21 12:02:18+00:00,-29,0.0,0.0,233.69,0.0
2024-10-21 12:02:19+00:00,0,0.0,0.0,233.69,0.0
2024-10-21 12:02:20+00:00,0,0.0,0.0,233.69,0.0
2024-10-21 12:02:21+00:00,0,0.0,0.0,233.69,0.0
2024-10-21 12:02:22+00:00,0,0.0,0.0,233.69,0.0
2024-10-21 12:02:23+00:00,0,0.0,0.0,233.69,0.0
2024-10-21 12:02:24+00:00,0,0.0,0.0,233.69,0.0
2024-10-21 12:02:25+00:00,0,0.0,0.0,233.69,0.0
2024-10-21 12:02:26+00:00,0,0.0,0.0,233.69,0.0
2024-10-21 12:02:27+00:00,0,0.0,0.0,233.69,0.0
2024-10-21 12:02:28+00:00,0,0.0,0.0,233.69,0.0
2024-10-21 12:02:29+00:00,0,0.0,0.0,233.69,0.0
2024-10-21 12:02:30+00:00,29,0.0,0.0,233.69,0.0
2024-10-21 12:02:31+00:00,0,0.0,0.0,233.69,0.0
2024-10-21 12:02:32+00:00,0,0.0,0.0,233.69,0.0
2024-10-21 12:02:33+00:00,0,0.0,0.0,233.69,0.0
2024-10-21 12:02:34+00:00,0,0.0,0.0,233.69,0.0
2024-10-21 12:02:35+00:00,0,0.0,0.0,233.69,0.0
2024-10-21 12:02:36+00:00,0,0.0,0.0,233.69,0.0
2024-10-21 12:02:37+00:00,0,0.0,0.0,233.69,0.0
2024-10-21 12:02:38+00:00,0,0.0,0.0,233.69,0.0
2024-10-21 12:02:39+00:00,0,0.0,0.0,233.69,0.0
2024-10-21 12:02:40+00:00,0,0.0,0.0,233.69,0.0
2024-10-21 12:02:41+00:00,0,0.0,0.0,233.69,0.0
2024-10-21 12:02:42+00:00,0,0.0,0.0,233.69,0.0
2024-10-21 12:02:43+00:00,0,0.0,0.0,233.69,0.0
2024-10-21 12:02:44+00:00,0,0.0,0.0,233.69,0.0
2024-10-21 12:02:45+00:00,0,0.0,0.0,233.69,0.0
2024-10-21 12:02:46+00:00,0,0.0,0.0,233.69,0.0
2024-10-21 12:02:47+00:00,0,0.0,0.0,233.69,0.0
2024-10-21 12:02:48+00:00,-201,0.0,0.0,233.68,-4.279173263721514e-05
2024-10-21 12:02:49+00:00,200,0.0,0.0,233.68,0.0
2024-10-21 12:02:50+00:00,0,0.0,0.0,233.68,0.0
2024-10-21 12:02:51+00:00,0,0.0,0.0,233.68,0.0
2024-10-21 12:02:52+00:00,0,0.0,0.0,233.68,0.0
2024-10-21 12:02:53+00:00,0,0.0,0.0,233.68,0.0
2024-10-21 12:02:54+00:00,-197,0.0,0.0,233.68,0.0
2024-10-21 12:02:55+00:00,0,0.0,0.0,233.68,0.0
2024-10-21 12:02:56+00:00,-3,0.0,0.0,233.675,-2.1396781924032382e-05
2024-10-21 12:02:57+00:00,0,0.0,0.0,233.675,0.0
2024-10-21 12:02:58+00:00,200,0.0,0.0,233.675,0.0
2024-10-21 12:02:59+00:00,0,0.0,0.0,233.675,0.0
2024-10-21 12:03:00+00:00,0,0.0,0.0,233.675,0.0
2024-10-21 12:03:01+00:00,0,0.0,0.0,233.675,0.0
2024-10-21 12:03:02+00:00,0,0.0,0.0,233.675,0.0
2024-10-21 12:03:03+00:00,0,0.0,0.0,233.675,0.0
2024-10-21 12:03:04+00:00,400,0.0,0.0,233.675,0.0
2024-10-21 12:03:05+00:00,0,0.0,0.0,233.675,0.0
2024-10-21 12:03:06+00:00,0,0.0,0.0,233.675,0.0
2024-10-21 12:03:07+00:00,0,0.0,0.0,233.675,0.0
2024-10-21 12:03:08+00:00,0,0.0,0.0,233.675,0.0
2024-10-21 12:03:09+00:00,0,0.0,0.0,233.675,0.0
2024-10-21 12:03:10+00:00,0,0.0,0.0,233.675,0.0
2024-10-21 12:03:11+00:00,0,0.0,0.0,233.675,0.0
2024-10-21 12:03:12+00:00,0,0.0,0.0,233.675,0.0
2024-10-21 12:03:13+00:00,0,0.0,0.0,233.675,0.0
2024-10-21 12:03:14+00:00,0,0.0,0.0,233.675,0.0
2024-10-21 12:03:15+00:00,0,0.0,0.0,233.675,0.0
2024-10-21 12:03:16+00:00,0,0.0,0.0,233.675,0.0
2024-10-21 12:03:17+00:00,0,0.0,0.0,233.675,0.0
2024-10-21 12:03:18+00:00,0,0.0,0.0,233.675,0.0
2024-10-21 12:03:19+00:00,0,0.0,0.0,233.675,0.0
2024-10-21 12:03:20+00:00,0,0.0,0.0,233.675,0.0
2024-10-21 12:03:21+00:00,0,0.0,0.0,233.675,0.0
2024-10-21 12:03:22+00:00,0,0.0,0.0,233.675,0.0
2024-10-21 12:03:23+00:00,0,0.0,0.0,233.675,0.0
2024-10-21 12:03:24+00:00,0,0.0,0.0,233.675,0.0
2024-10-21 12:03:25+00:00,0,0.0,0.0,233.675,0.0
2024-10-21 12:03:26+00:00,0,0.0,0.0,233.675,0.0
2024-10-21 12:03:27+00:00,0,0.0,0.0,233.675,0.0
2024-10-21 12:03:28+00:00,0,0.0,0.0,233.675,0.0
2024-10-21 12:03:29+00:00,0,0.0,0.0,233.675,0.0
2024-10-21 12:03:30+00:00,0,0.0,0.0,233.675,0.0
2024-10-21 12:03:31+00:00,0,0.0,0.0,233.675,0.0
2024-10-21 12:03:32+00:00,0,0.0,0.0,233.675,0.0
2024-10-21 12:03:33+00:00,0,0.0,0.0,233.675,0.0
2024-10-21 12:03:34+00:00,0,0.0,0.0,233.675,0.0
2024-10-21 12:03:35+00:00,0,0.0,0.0,233.675,0.0
2024-10-21 12:03:36+00:00,-199,0.0,0.0,233.67000000000002,-2.139723975602692e-05
2024-10-21 12:03:37+00:00,0,0.0,0.0,233.67000000000002,0.0
2024-10-21 12:03:38+00:00,0,0.0,0.0,233.70999999999998,0.00017118158086182333
2024-10-21 12:03:39+00:00,0,0.0,0.0,233.70999999999998,0.0
2024-10-21 12:03:40+00:00,0,0.0,0.0,233.70999999999998,0.0
2024-10-21 12:03:41+00:00,0,0.0,0.0,233.70999999999998,0.0
2024-10-21 12:03:42+00:00,0,0.0,0.0,233.70999999999998,0.0
2024-10-21 12:03:43+00:00,0,0.0,0.0,233.70999999999998,0.0
2024-10-21 12:03:44+00:00,0,0.0,0.0,233.70999999999998,0.0
2024-10-21 12:03:45+00:00,0,0.0,0.0,233.70999999999998,0.0
2024-10-21 12:03:46+00:00,0,0.0,0.0,233.70999999999998,0.0
2024-10-21 12:03:47+00:00,0,0.0,0.0,233.70999999999998,0.0
2024-10-21 12:03:48+00:00,0,0.0,0.0,233.70999999999998,0.0
2024-10-21 12:03:49+00:00,0,0.0,0.0,233.70999999999998,0.0
2024-10-21 12:03:50+00:00,0,0.0,0.0,233.70999999999998,0.0
2024-10-21 12:03:51+00:00,0,0.0,0.0,233.70999999999998,0.0
2024-10-21 12:03:52+00:00,0,0.0,0.0,233.70999999999998,0.0
2024-10-21 12:03:53+00:00,0,0.0,0.0,233.70999999999998,0.0
2024-10-21 12:03:54+00:00,0,0.0,0.0,233.70999999999998,0.0
2024-10-21 12:03:55+00:00,203,0.0,0.0,233.715,2.1394035343069717e-05
2024-10-21 12:03:56+00:00,198,0.0,0.0,233.715,0.0
2024-10-21 12:03:57+00:00,0,0.0,0.0,233.715,0.0
2024-10-21 12:03:58+00:00,0,0.0,0.0,233.715,0.0
2024-10-21 12:03:59+00:00,0,0.0,0.0,233.715,0.0
2024-10-21 12:04:00+00:00,199,0.0,0.0,233.715,0.0
2024-10-21 12:04:01+00:00,391,0.0,0.0,233.715,0.0
2024-10-21 12:04:02+00:00,0,0.0,0.0,233.715,0.0
2024-10-21 12:04:03+00:00,0,0.0,0.0,233.715,0.0
2024-10-21 12:04:04+00:00,0,0.0,0.0,233.715,0.0
2024-10-21 12:04:05+00:00,26,0.0,0.0,233.715,0.0
2024-10-21 12:04:06+00:00,0,0.0,0.0,233.715,0.0
2024-10-21 12:04:07+00:00,0,0.0,0.0,233.715,0.0
2024-10-21 12:04:08+00:00,0,0.0,0.0,233.715,0.0
2024-10-21 12:04:09+00:00,0,0.0,0.0,233.715,0.0
2024-10-21 12:04:10+00:00,0,0.0,0.0,233.715,0.0
2024-10-21 12:04:11+00:00,0,0.0,0.0,233.715,0.0
2024-10-21 12:04:12+00:00,0,0.0,0.0,233.72,2.13935776480767e-05
2024-10-21 12:04:13+00:00,0,0.0,0.0,233.72,0.0
2024-10-21 12:04:14+00:00,0,0.0,0.0,233.72,0.0
2024-10-21 12:04:15+00:00,0,0.0,0.0,233.72,0.0
2024-10-21 12:04:16+00:00,-200,0.0,0.0,233.72,0.0
2024-10-21 12:04:17+00:00,0,0.0,0.0,233.72,0.0
2024-10-21 12:04:18+00:00,0,0.0,0.0,233.72,0.0
2024-10-21 12:04:19+00:00,403,0.0,0.0,233.72,0.0
2024-10-21 12:04:20+00:00,0,0.0,0.0,233.72,0.0
2024-10-21 12:04:21+00:00,0,0.0,0.0,233.72,0.0
2024-10-21 12:04:22+00:00,0,0.0,0.0,233.72,0.0
2024-10-21 12:04:23+00:00,0,0.0,0.0,233.72,0.0
2024-10-21 12:04:24+00:00,0,0.0,0.0,233.72,0.0
2024-10-21 12:04:25+00:00,0,0.0,0.0,233.72,0.0
2024-10-21 12:04:26+00:00,197,0.0,0.0,233.72,0.0
2024-10-21 12:04:27+00:00,200,0.0,0.0,233.72,0.0
2024-10-21 12:04:28+00:00,0,0.0,0.0,233.72,0.0
2024-10-21 12:04:29+00:00,0,0.0,0.0,233.72,0.0
2024-10-21 12:04:30+00:00,0,0.0,0.0,233.72,0.0
2024-10-21 12:04:31+00:00,0,0.0,0.0,233.72,0.0
2024-10-21 12:04:32+00:00,0,0.0,0.0,233.72,0.0
2024-10-21 12:04:33+00:00,0,0.0,0.0,233.72,0.0
2024-10-21 12:04:34+00:00,0,0.0,0.0,233.72,0.0
2024-10-21 12:04:35+00:00,0,0.0,0.0,233.72,0.0
2024-10-21 12:04:36+00:00,0,0.0,0.0,233.72,0.0
2024-10-21 12:04:37+00:00,0,0.0,0.0,233.72,0.0
2024-10-21 12:04:38+00:00,0,0.0,0.0,233.72,0.0
2024-10-21 12:04:39+00:00,0,0.0,0.0,233.72,0.0
2024-10-21 12:04:40+00:00,-50,0.0,0.0,233.72,0.0
2024-10-21 12:04:41+00:00,0,0.0,0.0,233.72,0.0
2024-10-21 12:04:42+00:00,0,0.0,0.0,233.72,0.0
2024-10-21 12:04:43+00:00,0,0.0,0.0,233.72,0.0
2024-10-21 12:04:44+00:00,0,0.0,0.0,233.72,0.0
2024-10-21 12:04:45+00:00,0,0.0,0.0,233.72,0.0
2024-10-21 12:04:46+00:00,0,0.0,0.0,233.72,0.0
2024-10-21 12:04:47+00:00,-3,0.0,0.0,233.69,-0.00012835871983574165
2024-10-21 12:04:48+00:00,0,0.0,0.0,233.69,0.0
2024-10-21 12:04:49+00:00,0,0.0,0.0,233.69,0.0
2024-10-21 12:04:50+00:00,0,0.0,0.0,233.69,0.0
2024-10-21 12:04:51+00:00,-402,0.0,0.0,233.69,0.0
2024-10-21 12:04:52+00:00,0,0.0,0.0,233.69,0.0
2024-10-21 12:04:53+00:00,0,0.0,0.0,233.69,0.0
2024-10-21 12:04:54+00:00,5,0.0,0.0,233.69,0.0
2024-10-21 12:04:55+00:00,0,0.0,0.0,233.69,0.0
2024-10-21 12:04:56+00:00,0,0.0,0.0,233.69,0.0
2024-10-21 12:04:57+00:00,0,0.0,0.0,233.69,0.0
2024-10-21 12:04:58+00:00,0,0.0,0.0,233.69,0.0
2024-10-21 12:04:59+00:00,0,0.0,0.0,233.69,0.0
2024-10-21 12:05:00+00:00,0,0.0,0.0,233.69,0.0
2024-10-21 12:05:01+00:00,0,0.0,0.0,233.69,0.0
2024-10-21 12:05:02+00:00,0,0.0,0.0,233.69,0.0
2024-10-21 12:05:03+00:00,0,0.0,0.0,233.69,0.0
2024-10-21 12:05:04+00:00,0,0.0,0.0,233.69,0.0
2024-10-21 12:05:05+00:00,50,0.0,0.0,233.69,0.0
2024-10-21 12:05:06+00:00,0,0.0,0.0,233.69,0.0
2024-10-21 12:05:07+00:00,0,0.0,0.0,233.69,0.0
2024-10-21 12:05:08+00:00,0,0.0,0.0,233.69,0.0
2024-10-21 12:05:09+00:00,0,0.0,0.0,233.69,0.0
2024-10-21 12:05:10+00:00,0,0.0,0.0,233.69,0.0
2024-10-21 12:05:11+00:00,0,0.0,0.0,233.69,0.0
2024-10-21 12:05:12+00:00,0,0.0,0.0,233.69,0.0
2024-10-21 12:05:13+00:00,0,0.0,0.0,233.69,0.0
2024-10-21 12:05:14+00:00,0,0.0,0.0,233.69,0.0
2024-10-21 12:05:15+00:00,0,0.0,0.0,233.69,0.0
2024-10-21 12:05:16+00:00,0,0.0,0.0,233.69,0.0
2024-10-21 12:05:17+00:00,0,0.0,0.0,233.69,0.0
2024-10-21 12:05:18+00:00,-200,0.0,0.0,233.69,0.0
2024-10-21 12:05:19+00:00,0,0.0,0.0,233.69,0.0
2024-10-21 12:05:20+00:00,0,0.0,0.0,233.69,0.0
2024-10-21 12:05:21+00:00,0,0.0,0.0,233.69,0.0
2024-10-21 12:05:22+00:00,0,0.0,0.0,233.69,0.0
2024-10-21 12:05:23+00:00,0,0.0,0.0,233.69,0.0
2024-10-21 12:05:24+00:00,0,0.0,0.0,233.69,0.0
2024-10-21 12:05:25+00:00,0,0.0,0.0,233.69,0.0
2024-10-21 12:05:26+00:00,0,0.0,0.0,233.69,0.0
2024-10-21 12:05:27+00:00,0,0.0,0.0,233.72,0.00012837519791175644
2024-10-21 12:05:28+00:00,0,0.0,0.0,233.72,0.0
2024-10-21 12:05:29+00:00,0,0.0,0.0,233.72,0.0
2024-10-21 12:05:30+00:00,1200,0.0,0.0,233.74,8.557247989049444e-05
2024-10-21 12:05:31+00:00,0,0.0,0.0,233.74,0.0
2024-10-21 12:05:32+00:00,0,0.0,0.0,233.74,0.0
2024-10-21 12:05:33+00:00,0,0.0,0.0,233.74,0.0
2024-10-21 12:05:34+00:00,0,0.0,0.0,233.74,0.0
2024-10-21 12:05:35+00:00,200,0.0,0.0,233.74,0.0
2024-10-21 12:05:36+00:00,0,0.0,0.0,233.74,0.0
2024-10-21 12:05:37+00:00,0,0.0,0.0,233.74,0.0
2024-10-21 12:05:38+00:00,0,0.0,0.0,233.74,0.0
2024-10-21 12:05:39+00:00,0,0.0,0.0,233.74,0.0
2024-10-21 12:05:40+00:00,922,0.0,0.0,233.83499999999998,0.0004064344998715441
2024-10-21 12:05:41+00:00,200,0.0,0.0,233.85,6.414779652330616e-05
2024-10-21 12:05:42+00:00,0,0.0,0.0,233.85,0.0
2024-10-21 12:05:43+00:00,398,0.0,0.0,233.82999999999998,-8.552490912983046e-05
2024-10-21 12:05:44+00:00,0,0.0,0.0,233.82999999999998,0.0
2024-10-21 12:05:45+00:00,3,0.0,0.0,233.82999999999998,0.0
2024-10-21 12:05:46+00:00,-100,0.0,0.0,233.85500000000002,0.00010691528033190956
2024-10-21 12:05:47+00:00,200,0.0,0.0,233.85500000000002,0.0
2024-10-21 12:05:48+00:00,247,0.0,0.0,233.79,-0.0002779500117595646
2024-10-21 12:05:49+00:00,200,0.0,0.0,233.79,0.0
2024-10-21 12:05:50+00:00,0,0.0,0.0,233.79,0.0
2024-10-21 12:05:51+00:00,0,0.0,0.0,233.79,0.0
2024-10-21 12:05:52+00:00,29,0.0,0.0,233.79,0.0
2024-10-21 12:05:53+00:00,0,0.0,0.0,233.79,0.0
2024-10-21 12:05:54+00:00,0,0.0,0.0,233.79,0.0
2024-10-21 12:05:55+00:00,-18,0.0,0.0,233.79,0.0
2024-10-21 12:05:56+00:00,0,0.0,0.0,233.79,0.0
2024-10-21 12:05:57+00:00,1,0.0,0.0,233.79,0.0
2024-10-21 12:05:58+00:00,0,0.0,0.0,233.79,0.0
2024-10-21 12:05:59+00:00,0,0.0,0.0,233.79,0.0
2024-10-21 12:06:00+00:00,0,0.0,0.0,233.79,0.0
2024-10-21 12:06:01+00:00,0,0.0,0.0,233.79,0.0
2024-10-21 12:06:02+00:00,0,0.0,0.0,233.79,0.0
2024-10-21 12:06:03+00:00,0,0.0,0.0,233.79,0.0
2024-10-21 12:06:04+00:00,0,0.0,0.0,233.79,0.0
2024-10-21 12:06:05+00:00,-5,0.0,0.0,233.75,-0.00017109371658319272
2024-10-21 12:06:06+00:00,203,0.0,0.0,233.75,0.0
2024-10-21 12:06:07+00:00,-203,0.0,0.0,233.75,0.0
2024-10-21 12:06:08+00:00,-200,0.0,0.0,233.75,0.0
2024-10-21 12:06:09+00:00,0,0.0,0.0,233.75,0.0
2024-10-21 12:06:10+00:00,0,0.0,0.0,233.75,0.0
2024-10-21 12:06:11+00:00,0,0.0,0.0,233.75,0.0
2024-10-21 12:06:12+00:00,0,0.0,0.0,233.75,0.0
2024-10-21 12:06:13+00:00,0,0.0,0.0,233.75,0.0
2024-10-21 12:06:14+00:00,0,0.0,0.0,233.75,0.0
2024-10-21 12:06:15+00:00,0,0.0,0.0,233.75,0.0
2024-10-21 12:06:16+00:00,0,0.0,0.0,233.75,0.0
2024-10-21 12:06:17+00:00,28,0.0,0.0,233.75,0.0
2024-10-21 12:06:18+00:00,5,0.0,0.0,233.805,0.00023529411764711128
2024-10-21 12:06:19+00:00,400,0.0,0.0,233.805,0.0
2024-10-21 12:06:20+00:00,0,0.0,0.0,233.805,0.0
2024-10-21 12:06:21+00:00,0,0.0,0.0,233.805,0.0
2024-10-21 12:06:22+00:00,-200,0.0,0.0,233.805,0.0
2024-10-21 12:06:23+00:00,0,0.0,0.0,233.805,0.0
2024-10-21 12:06:24+00:00,0,0.0,0.0,233.805,0.0
2024-10-21 12:06:25+00:00,0,0.0,0.0,233.805,0.0
2024-10-21 12:06:26+00:00,0,0.0,0.0,233.805,0.0
2024-10-21 12:06:27+00:00,0,0.0,0.0,233.805,0.0
2024-10-21 12:06:28+00:00,0,0.0,0.0,233.805,0.0
2024-10-21 12:06:29+00:00,-27,0.0,0.0,233.805,0.0
2024-10-21 12:06:30+00:00,0,0.0,0.0,233.805,0.0
2024-10-21 12:06:31+00:00,-3,0.0,0.0,233.805,0.0
2024-10-21 12:06:32+00:00,0,0.0,0.0,233.805,0.0
2024-10-21 12:06:33+00:00,0,0.0,0.0,233.805,0.0
2024-10-21 12:06:34+00:00,0,0.0,0.0,233.805,0.0
2024-10-21 12:06:35+00:00,0,0.0,0.0,233.805,0.0
2024-10-21 12:06:36+00:00,0,0.0,0.0,233.805,0.0
2024-10-21 12:06:37+00:00,0,0.0,0.0,233.805,0.0
2024-10-21 12:06:38+00:00,0,0.0,0.0,233.805,0.0
2024-10-21 12:06:39+00:00,0,0.0,0.0,233.81,2.138534248619095e-05
2024-10-21 12:06:40+00:00,0,0.0,0.0,233.81,0.0
2024-10-21 12:06:41+00:00,0,0.0,0.0,233.81,0.0
2024-10-21 12:06:42+00:00,0,0.0,0.0,233.81,0.0
2024-10-21 12:06:43+00:00,0,0.0,0.0,233.81,0.0
2024-10-21 12:06:44+00:00,0,0.0,0.0,233.81,0.0
2024-10-21 12:06:45+00:00,0,0.0,0.0,233.81,0.0
2024-10-21 12:06:46+00:00,199,0.0,0.0,233.81,0.0
2024-10-21 12:06:47+00:00,0,0.0,0.0,233.81,0.0
2024-10-21 12:06:48+00:00,80,0.0,0.0,233.835,0.00010692442581583528
2024-10-21 12:06:49+00:00,100,0.0,0.0,233.815,-8.553039536429718e-05
2024-10-21 12:06:50+00:00,0,0.0,0.0,233.815,0.0
2024-10-21 12:06:51+00:00,0,0.0,0.0,233.815,0.0
2024-10-21 12:06:52+00:00,0,0.0,0.0,233.815,0.0
2024-10-21 12:06:53+00:00,200,0.0,0.0,233.815,0.0
2024-10-21 12:06:54+00:00,0,0.0,0.0,233.815,0.0
2024-10-21 12:06:55+00:00,0,0.0,0.0,233.815,0.0
2024-10-21 12:06:56+00:00,574,0.0,0.0,233.82,2.1384427859594268e-05
2024-10-21 12:06:57+00:00,26,0.0,0.0,233.82,0.0
2024-10-21 12:06:58+00:00,0,0.0,0.0,233.82,0.0
2024-10-21 12:06:59+00:00,203,0.0,0.0,233.82,0.0
2024-10-21 12:07:00+00:00,0,0.0,0.0,233.82,0.0
2024-10-21 12:07:01+00:00,0,0.0,0.0,233.82,0.0
2024-10-21 12:07:02+00:00,0,0.0,0.0,233.82,0.0
2024-10-21 12:07:03+00:00,-200,0.0,0.0,233.815,-2.1383970575605815e-05
2024-10-21 12:07:04+00:00,0,0.0,0.0,233.815,0.0
2024-10-21 12:07:05+00:00,0,0.0,0.0,233.815,0.0
2024-10-21 12:07:06+00:00,0,0.0,0.0,233.815,0.0
2024-10-21 12:07:07+00:00,0,0.0,0.0,233.815,0.0
2024-10-21 12:07:08+00:00,0,0.0,0.0,233.815,0.0
2024-10-21 12:07:09+00:00,0,0.0,0.0,233.815,0.0
2024-10-21 12:07:10+00:00,0,0.0,0.0,233.815,0.0
2024-10-21 12:07:11+00:00,0,0.0,0.0,233.815,0.0
2024-10-21 12:07:12+00:00,0,0.0,0.0,233.815,0.0
2024-10-21 12:07:13+00:00,0,0.0,0.0,233.815,0.0
2024-10-21 12:07:14+00:00,0,0.0,0.0,233.815,0.0
2024-10-21 12:07:15+00:00,0,0.0,0.0,233.815,0.0
2024-10-21 12:07:16+00:00,0,0.0,0.0,233.815,0.0
2024-10-21 12:07:17+00:00,0,0.0,0.0,233.815,0.0
2024-10-21 12:07:18+00:00,0,0.0,0.0,233.815,0.0
2024-10-21 12:07:19+00:00,0,0.0,0.0,233.815,0.0
2024-10-21 12:07:20+00:00,0,0.0,0.0,233.815,0.0
2024-10-21 12:07:21+00:00,199,0.0,0.0,233.825,4.2768855719188537e-05
2024-10-21 12:07:22+00:00,0,0.0,0.0,233.825,0.0
2024-10-21 12:07:23+00:00,0,0.0,0.0,233.825,0.0
2024-10-21 12:07:24+00:00,-200,0.0,0.0,233.825,0.0
2024-10-21 12:07:25+00:00,0,0.0,0.0,233.825,0.0
2024-10-21 12:07:26+00:00,0,0.0,0.0,233.825,0.0
2024-10-21 12:07:27+00:00,0,0.0,0.0,233.825,0.0
2024-10-21 12:07:28+00:00,0,0.0,0.0,233.825,0.0
2024-10-21 12:07:29+00:00,0,0.0,0.0,233.825,0.0
2024-10-21 12:07:30+00:00,0,0.0,0.0,233.825,0.0
2024-10-21 12:07:31+00:00,-203,0.0,0.0,233.82,-2.138351331126831e-05
2024-10-21 12:07:32+00:00,0,0.0,0.0,233.815,-2.1383970575605815e-05
2024-10-21 12:07:33+00:00,200,0.0,0.0,233.815,0.0
2024-10-21 12:07:34+00:00,200,0.0,0.0,233.82,2.1384427859594268e-05
2024-10-21 12:07:35+00:00,0,0.0,0.0,233.82,0.0
2024-10-21 12:07:36+00:00,0,0.0,0.0,233.82,0.0
2024-10-21 12:07:37+00:00,0,0.0,0.0,233.82,0.0
2024-10-21 12:07:38+00:00,0,0.0,0.0,233.82,0.0
2024-10-21 12:07:39+00:00,0,0.0,0.0,233.82,0.0
2024-10-21 12:07:40+00:00,0,0.0,0.0,233.82,0.0
2024-10-21 12:07:41+00:00,0,0.0,0.0,233.82,0.0
2024-10-21 12:07:42+00:00,0,0.0,0.0,233.82,0.0
2024-10-21 12:07:43+00:00,0,0.0,0.0,233.82,0.0
2024-10-21 12:07:44+00:00,0,0.0,0.0,233.82,0.0
2024-10-21 12:07:45+00:00,0,0.0,0.0,233.82,0.0
2024-10-21 12:07:46+00:00,0,0.0,0.0,233.82,0.0
2024-10-21 12:07:47+00:00,0,0.0,0.0,233.82,0.0
2024-10-21 12:07:48+00:00,0,0.0,0.0,233.82,0.0
2024-10-21 12:07:49+00:00,0,0.0,0.0,233.82,0.0
2024-10-21 12:07:50+00:00,0,0.0,0.0,233.82,0.0
2024-10-21 12:07:51+00:00,429,0.0,0.0,233.82999999999998,4.276794115121163e-05
2024-10-21 12:07:52+00:00,-27,0.0,0.0,233.825,-2.1383056066359707e-05
2024-10-21 12:07:53+00:00,0,0.0,0.0,233.825,0.0
2024-10-21 12:07:54+00:00,2,0.0,0.0,233.87,0.00019245161980130376
2024-10-21 12:07:55+00:00,0,0.0,0.0,233.87,0.0
2024-10-21 12:07:56+00:00,0,0.0,0.0,233.87,0.0
2024-10-21 12:07:57+00:00,200,0.0,0.0,233.87,0.0
2024-10-21 12:07:58+00:00,-200,0.0,0.0,233.87,0.0
2024-10-21 12:07:59+00:00,0,0.0,0.0,233.87,0.0
2024-10-21 12:08:00+00:00,0,0.0,0.0,233.87,0.0
2024-10-21 12:08:01+00:00,0,0.0,0.0,233.87,0.0
2024-10-21 12:08:02+00:00,0,0.0,0.0,233.87,0.0
2024-10-21 12:08:03+00:00,0,0.0,0.0,233.87,0.0
2024-10-21 12:08:04+00:00,0,0.0,0.0,233.87,0.0
2024-10-21 12:08:05+00:00,0,0.0,0.0,233.87,0.0
2024-10-21 12:08:06+00:00,0,0.0,0.0,233.87,0.0
2024-10-21 12:08:07+00:00,200,0.0,0.0,233.875,2.137939881130535e-05
2024-10-21 12:08:08+00:00,0,0.0,0.0,233.875,0.0
2024-10-21 12:08:09+00:00,0,0.0,0.0,233.875,0.0
2024-10-21 12:08:10+00:00,0,0.0,0.0,233.875,0.0
2024-10-21 12:08:11+00:00,0,0.0,0.0,233.875,0.0
2024-10-21 12:08:12+00:00,0,0.0,0.0,233.875,0.0
2024-10-21 12:08:13+00:00,0,0.0,0.0,233.875,0.0
2024-10-21 12:08:14+00:00,0,0.0,0.0,233.875,0.0
2024-10-21 12:08:15+00:00,0,0.0,0.0,233.875,0.0
2024-10-21 12:08:16+00:00,0,0.0,0.0,233.875,0.0
2024-10-21 12:08:17+00:00,0,0.0,0.0,233.875,0.0
2024-10-21 12:08:18+00:00,0,0.0,0.0,233.875,0.0
2024-10-21 12:08:19+00:00,0,0.0,0.0,233.875,0.0
2024-10-21 12:08:20+00:00,0,0.0,0.0,233.875,0.0
2024-10-21 12:08:21+00:00,0,0.0,0.0,233.875,0.0
2024-10-21 12:08:22+00:00,1,0.0,0.0,233.83499999999998,-0.00017103153393915882
2024-10-21 12:08:23+00:00,0,0.0,0.0,233.83499999999998,0.0
2024-10-21 12:08:24+00:00,0,0.0,0.0,233.83499999999998,0.0
2024-10-21 12:08:25+00:00,200,0.0,0.0,233.85500000000002,8.553039536440821e-05
2024-10-21 12:08:26+00:00,0,0.0,0.0,233.85500000000002,0.0
2024-10-21 12:08:27+00:00,0,0.0,0.0,233.85500000000002,0.0
2024-10-21 12:08:28+00:00,0,0.0,0.0,233.85500000000002,0.0
2024-10-21 12:08:29+00:00,0,0.0,0.0,233.85500000000002,0.0
2024-10-21 12:08:30+00:00,0,0.0,0.0,233.85500000000002,0.0
2024-10-21 12:08:31+00:00,0,0.0,0.0,233.85500000000002,0.0
2024-10-21 12:08:32+00:00,0,0.0,0.0,233.85500000000002,0.0
2024-10-21 12:08:33+00:00,0,0.0,0.0,233.85500000000002,0.0
2024-10-21 12:08:34+00:00,0,0.0,0.0,233.85500000000002,0.0
2024-10-21 12:08:35+00:00,0,0.0,0.0,233.85500000000002,0.0
2024-10-21 12:08:36+00:00,200,0.0,0.0,233.86,2.138077013524864e-05
2024-10-21 12:08:37+00:00,-603,0.0,0.0,233.85,-4.2760626015603265e-05
2024-10-21 12:08:38+00:00,-200,0.0,0.0,233.84,-4.276245456480421e-05
2024-10-21 12:08:39+00:00,201,0.0,0.0,233.85,4.27642832705466e-05
2024-10-21 12:08:40+00:00,0,0.0,0.0,233.85,0.0
2024-10-21 12:08:41+00:00,201,0.0,0.0,233.85500000000002,2.1381227282457616e-05
2024-10-21 12:08:42+00:00,0,0.0,0.0,233.85500000000002,0.0
2024-10-21 12:08:43+00:00,0,0.0,0.0,233.85500000000002,0.0
2024-10-21 12:08:44+00:00,36,0.0,0.0,233.885,0.00012828462081193592
2024-10-21 12:08:45+00:00,-100,0.0,0.0,233.885,0.0
2024-10-21 12:08:46+00:00,1,0.0,0.0,233.95,0.0002779143596212119
2024-10-21 12:08:47+00:00,0,0.0,0.0,233.95,0.0
2024-10-21 12:08:48+00:00,0,0.0,0.0,233.95,0.0
2024-10-21 12:08:49+00:00,0,0.0,0.0,233.95,0.0
2024-10-21 12:08:50+00:00,0,0.0,0.0,233.95,0.0
2024-10-21 12:08:51+00:00,0,0.0,0.0,233.95,0.0
2024-10-21 12:08:52+00:00,0,0.0,0.0,233.95,0.0
2024-10-21 12:08:53+00:00,0,0.0,0.0,233.95,0.0
2024-10-21 12:08:54+00:00,0,0.0,0.0,233.95,0.0
2024-10-21 12:08:55+00:00,0,0.0,0.0,233.95,0.0
2024-10-21 12:08:56+00:00,-1,0.0,0.0,233.885,-0.000277837144688986
2024-10-21 12:08:57+00:00,0,0.0,0.0,233.885,0.0
2024-10-21 12:08:58+00:00,0,0.0,0.0,233.885,0.0
2024-10-21 12:08:59+00:00,0,0.0,0.0,233.885,0.0
2024-10-21 12:09:00+00:00,0,0.0,0.0,233.885,0.0
2024-10-21 12:09:01+00:00,0,0.0,0.0,233.865,-8.551211065255249e-05
2024-10-21 12:09:02+00:00,-400,0.0,0.0,233.865,0.0
2024-10-21 12:09:03+00:00,0,0.0,0.0,233.865,0.0
2024-10-21 12:09:04+00:00,200,0.0,0.0,233.905,0.00017103884719804618
2024-10-21 12:09:05+00:00,0,0.0,0.0,233.905,0.0
2024-10-21 12:09:06+00:00,200,0.0,0.0,233.91,2.137619973918703e-05
2024-10-21 12:09:07+00:00,0,0.0,0.0,233.91,0.0
2024-10-21 12:09:08+00:00,0,0.0,0.0,233.91,0.0
2024-10-21 12:09:09+00:00,0,0.0,0.0,233.91,0.0
2024-10-21 12:09:10+00:00,10,0.0,0.0,233.95,0.00017100594245644807
2024-10-21 12:09:11+00:00,0,0.0,0.0,233.95,0.0
2024-10-21 12:09:12+00:00,0,0.0,0.0,233.95,0.0
2024-10-21 12:09:13+00:00,198,0.0,0.0,233.95,0.0
2024-10-21 12:09:14+00:00,200,0.0,0.0,233.95,0.0
2024-10-21 12:09:15+00:00,201,0.0,0.0,233.95,0.0
2024-10-21 12:09:16+00:00,0,0.0,0.0,233.95,0.0
2024-10-21 12:09:17+00:00,0,0.0,0.0,233.95,0.0
2024-10-21 12:09:18+00:00,198,0.0,0.0,233.95,0.0
2024-10-21 12:09:19+00:00,0,0.0,0.0,233.95,0.0
2024-10-21 12:09:20+00:00,0,0.0,0.0,233.95,0.0
2024-10-21 12:09:21+00:00,0,0.0,0.0,233.95,0.0
2024-10-21 12:09:22+00:00,0,0.0,0.0,233.95,0.0
2024-10-21 12:09:23+00:00,0,0.0,0.0,233.95,0.0
2024-10-21 12:09:24+00:00,0,0.0,0.0,233.95,0.0
2024-10-21 12:09:25+00:00,0,0.0,0.0,233.95,0.0
2024-10-21 12:09:26+00:00,0,0.0,0.0,233.95,0.0
2024-10-21 12:09:27+00:00,0,0.0,0.0,233.95,0.0
2024-10-21 12:09:28+00:00,0,0.0,0.0,233.95,0.0
2024-10-21 12:09:29+00:00,0,0.0,0.0,233.95,0.0
2024-10-21 12:09:30+00:00,-2,0.0,0.0,233.95,0.0
2024-10-21 12:09:31+00:00,0,0.0,0.0,233.95,0.0
2024-10-21 12:09:32+00:00,1,0.0,0.0,233.95,0.0
2024-10-21 12:09:33+00:00,0,0.0,0.0,233.95,0.0
2024-10-21 12:09:34+00:00,0,0.0,0.0,233.95,0.0
2024-10-21 12:09:35+00:00,0,0.0,0.0,233.95,0.0
2024-10-21 12:09:36+00:00,0,0.0,0.0,233.95,0.0
2024-10-21 12:09:37+00:00,200,0.0,0.0,233.95,0.0
2024-10-21 12:09:38+00:00,2,0.0,0.0,233.985,0.0001496046163711462
2024-10-21 12:09:39+00:00,0,0.0,0.0,233.985,0.0
2024-10-21 12:09:40+00:00,0,0.0,0.0,233.985,0.0
2024-10-21 12:09:41+00:00,0,0.0,0.0,233.985,0.0
2024-10-21 12:09:42+00:00,0,0.0,0.0,233.985,0.0
2024-10-21 12:09:43+00:00,10,0.0,0.0,233.985,0.0
2024-10-21 12:09:44+00:00,0,0.0,0.0,233.985,0.0
2024-10-21 12:09:45+00:00,100,0.0,0.0,233.985,0.0
2024-10-21 12:09:46+00:00,0,0.0,0.0,233.985,0.0
2024-10-21 12:09:47+00:00,0,0.0,0.0,233.985,0.0
2024-10-21 12:09:48+00:00,-200,0.0,0.0,233.985,0.0
2024-10-21 12:09:49+00:00,-200,0.0,0.0,233.985,0.0
2024-10-21 12:09:50+00:00,0,0.0,0.0,233.985,0.0
2024-10-21 12:09:51+00:00,0,0.0,0.0,233.985,0.0
2024-10-21 12:09:52+00:00,0,0.0,0.0,233.985,0.0
2024-10-21 12:09:53+00:00,202,0.0,0.0,233.975,-4.2737782336543795e-05
2024-10-21 12:09:54+00:00,200,0.0,0.0,233.975,0.0
2024-10-21 12:09:55+00:00,0,0.0,0.0,233.975,0.0
2024-10-21 12:09:56+00:00,0,0.0,0.0,233.975,0.0
2024-10-21 12:09:57+00:00,-197,0.0,0.0,233.975,0.0
2024-10-21 12:09:58+00:00,0,0.0,0.0,233.975,0.0
2024-10-21 12:09:59+00:00,0,0.0,0.0,233.975,0.0
2024-10-21 12:10:00+00:00,0,0.0,0.0,233.975,0.0
2024-10-21 12:10:01+00:00,227,0.0,0.0,233.975,0.0
2024-10-21 12:10:02+00:00,-27,0.0,0.0,233.975,0.0
2024-10-21 12:10:03+00:00,23,0.0,0.0,233.975,0.0
2024-10-21 12:10:04+00:00,0,0.0,0.0,233.975,0.0
2024-10-21 12:10:05+00:00,0,0.0,0.0,233.975,0.0
2024-10-21 12:10:06+00:00,0,0.0,0.0,233.975,0.0
2024-10-21 12:10:07+00:00,0,0.0,0.0,233.975,0.0
2024-10-21 12:10:08+00:00,0,0.0,0.0,233.975,0.0
2024-10-21 12:10:09+00:00,0,0.0,0.0,233.975,0.0
2024-10-21 12:10:10+00:00,0,0.0,0.0,233.975,0.0
2024-10-21 12:10:11+00:00,0,0.0,0.0,233.975,0.0
2024-10-21 12:10:12+00:00,-25,0.0,0.0,233.975,0.0
2024-10-21 12:10:13+00:00,-200,0.0,0.0,233.975,0.0
2024-10-21 12:10:14+00:00,0,0.0,0.0,233.975,0.0
2024-10-21 12:10:15+00:00,0,0.0,0.0,233.975,0.0
2024-10-21 12:10:16+00:00,0,0.0,0.0,233.975,0.0
2024-10-21 12:10:17+00:00,0,0.0,0.0,233.975,0.0
2024-10-21 12:10:18+00:00,0,0.0,0.0,233.975,0.0
2024-10-21 12:10:19+00:00,0,0.0,0.0,233.975,0.0
2024-10-21 12:10:20+00:00,20,0.0,0.0,233.98000000000002,2.136980446643122e-05
2024-10-21 12:10:21+00:00,0,0.0,0.0,233.98000000000002,0.0
2024-10-21 12:10:22+00:00,0,0.0,0.0,233.98000000000002,0.0
2024-10-21 12:10:23+00:00,400,0.0,0.0,233.98000000000002,0.0
2024-10-21 12:10:24+00:00,400,0.0,0.0,233.98000000000002,0.0
2024-10-21 12:10:25+00:00,0,0.0,0.0,233.98000000000002,0.0
2024-10-21 12:10:26+00:00,0,0.0,0.0,233.98000000000002,0.0
2024-10-21 12:10:27+00:00,0,0.0,0.0,233.98000000000002,0.0
2024-10-21 12:10:28+00:00,0,0.0,0.0,233.98000000000002,0.0
2024-10-21 12:10:29+00:00,-10,0.0,0.0,233.98000000000002,0.0
2024-10-21 12:10:30+00:00,0,0.0,0.0,233.98000000000002,0.0
2024-10-21 12:10:31+00:00,0,0.0,0.0,233.98000000000002,0.0
2024-10-21 12:10:32+00:00,-1,0.0,0.0,233.98000000000002,0.0
2024-10-21 12:10:33+00:00,0,0.0,0.0,233.98000000000002,0.0
2024-10-21 12:10:34+00:00,0,0.0,0.0,233.98000000000002,0.0
2024-10-21 12:10:35+00:00,0,0.0,0.0,233.98000000000002,0.0
2024-10-21 12:10:36+00:00,-1,0.0,0.0,233.98000000000002,0.0
2024-10-21 12:10:37+00:00,0,0.0,0.0,233.98000000000002,0.0
2024-10-21 12:10:38+00:00,0,0.0,0.0,233.98000000000002,0.0
2024-10-21 12:10:39+00:00,0,0.0,0.0,233.98000000000002,0.0
2024-10-21 12:10:40+00:00,0,0.0,0.0,233.98000000000002,0.0
2024-10-21 12:10:41+00:00,0,0.0,0.0,233.98000000000002,0.0
2024-10-21 12:10:42+00:00,0,0.0,0.0,233.98000000000002,0.0
2024-10-21 12:10:43+00:00,-399,0.0,0.0,233.98000000000002,0.0
2024-10-21 12:10:44+00:00,0,0.0,0.0,233.98000000000002,0.0
2024-10-21 12:10:45+00:00,200,0.0,0.0,233.98000000000002,0.0
2024-10-21 12:10:46+00:00,0,0.0,0.0,233.98000000000002,0.0
2024-10-21 12:10:47+00:00,0,0.0,0.0,233.98000000000002,0.0
2024-10-21 12:10:48+00:00,0,0.0,0.0,233.98000000000002,0.0
2024-10-21 12:10:49+00:00,0,0.0,0.0,233.98000000000002,0.0
2024-10-21 12:10:50+00:00,200,0.0,0.0,233.98000000000002,0.0
2024-10-21 12:10:51+00:00,0,0.0,0.0,233.98000000000002,0.0
2024-10-21 12:10:52+00:00,50,0.0,0.0,233.98000000000002,0.0
2024-10-21 12:10:53+00:00,-20,0.0,0.0,233.95,-0.000128216086845101
2024-10-21 12:10:54+00:00,0,0.0,0.0,233.95,0.0
2024-10-21 12:10:55+00:00,0,0.0,0.0,233.95,0.0
2024-10-21 12:10:56+00:00,0,0.0,0.0,233.95,0.0
2024-10-21 12:10:57+00:00,600,0.0,0.0,233.95,0.0
2024-10-21 12:10:58+00:00,0,0.0,0.0,233.95,0.0
2024-10-21 12:10:59+00:00,3,0.0,0.0,233.95,0.0
2024-10-21 12:11:00+00:00,196,0.0,0.0,233.95,0.0
2024-10-21 12:11:01+00:00,0,0.0,0.0,233.95,0.0
2024-10-21 12:11:02+00:00,200,0.0,0.0,233.95,0.0
2024-10-21 12:11:03+00:00,0,0.0,0.0,233.95,0.0
2024-10-21 12:11:04+00:00,0,0.0,0.0,233.95,0.0
2024-10-21 12:11:05+00:00,0,0.0,0.0,233.95,0.0
2024-10-21 12:11:06+00:00,0,0.0,0.0,233.95,0.0
2024-10-21 12:11:07+00:00,0,0.0,0.0,233.95,0.0
2024-10-21 12:11:08+00:00,201,0.0,0.0,233.95,0.0
2024-10-21 12:11:09+00:00,0,0.0,0.0,233.95,0.0
2024-10-21 12:11:10+00:00,400,0.0,0.0,233.95,0.0
2024-10-21 12:11:11+00:00,200,0.0,0.0,233.95,0.0
2024-10-21 12:11:12+00:00,0,0.0,0.0,233.95,0.0
2024-10-21 12:11:13+00:00,0,0.0,0.0,233.95,0.0
2024-10-21 12:11:14+00:00,0,0.0,0.0,233.95,0.0
2024-10-21 12:11:15+00:00,0,0.0,0.0,233.95,0.0
2024-10-21 12:11:16+00:00,0,0.0,0.0,233.95,0.0
2024-10-21 12:11:17+00:00,0,0.0,0.0,233.95,0.0
2024-10-21 12:11:18+00:00,200,0.0,0.0,233.95,0.0
2024-10-21 12:11:19+00:00,0,0.0,0.0,233.95,0.0
2024-10-21 12:11:20+00:00,0,0.0,0.0,233.95,0.0
2024-10-21 12:11:21+00:00,199,0.0,0.0,233.95,0.0
2024-10-21 12:11:22+00:00,174,0.0,0.0,233.95,0.0
2024-10-21 12:11:23+00:00,30,0.0,0.0,233.95,0.0
2024-10-21 12:11:24+00:00,0,0.0,0.0,233.95,0.0
2024-10-21 12:11:25+00:00,-7,0.0,0.0,233.95,0.0
2024-10-21 12:11:26+00:00,0,0.0,0.0,233.95,0.0
2024-10-21 12:11:27+00:00,6,0.0,0.0,233.95,0.0
2024-10-21 12:11:28+00:00,0,0.0,0.0,233.95,0.0
2024-10-21 12:11:29+00:00,0,0.0,0.0,233.95,0.0
2024-10-21 12:11:30+00:00,200,0.0,0.0,233.95,0.0
2024-10-21 12:11:31+00:00,0,0.0,0.0,233.95,0.0
2024-10-21 12:11:32+00:00,0,0.0,0.0,233.95,0.0
2024-10-21 12:11:33+00:00,0,0.0,0.0,233.95,0.0
2024-10-21 12:11:34+00:00,200,0.0,0.0,233.95,0.0
2024-10-21 12:11:35+00:00,0,0.0,0.0,233.95,0.0
2024-10-21 12:11:36+00:00,-1,0.0,0.0,233.95,0.0
2024-10-21 12:11:37+00:00,200,0.0,0.0,233.95,0.0
2024-10-21 12:11:38+00:00,0,0.0,0.0,233.95,0.0
2024-10-21 12:11:39+00:00,0,0.0,0.0,233.95,0.0
2024-10-21 12:11:40+00:00,200,0.0,0.0,233.95,0.0
2024-10-21 12:11:41+00:00,0,0.0,0.0,233.95,0.0
2024-10-21 12:11:42+00:00,0,0.0,0.0,233.95,0.0
2024-10-21 12:11:43+00:00,200,0.0,0.0,233.95,0.0
2024-10-21 12:11:44+00:00,0,0.0,0.0,233.95,0.0
2024-10-21 12:11:45+00:00,200,0.0,0.0,233.95,0.0
2024-10-21 12:11:46+00:00,0,0.0,0.0,233.95,0.0
2024-10-21 12:11:47+00:00,0,0.0,0.0,233.95,0.0
2024-10-21 12:11:48+00:00,599,0.0,0.0,233.95,0.0
2024-10-21 12:11:49+00:00,0,0.0,0.0,233.95,0.0
2024-10-21 12:11:50+00:00,0,0.0,0.0,233.95,0.0
2024-10-21 12:11:51+00:00,0,0.0,0.0,233.95,0.0
2024-10-21 12:11:52+00:00,0,0.0,0.0,233.95,0.0
2024-10-21 12:11:53+00:00,200,0.0,0.0,233.95,0.0
2024-10-21 12:11:54+00:00,0,0.0,0.0,233.95,0.0
2024-10-21 12:11:55+00:00,0,0.0,0.0,233.95,0.0
2024-10-21 12:11:56+00:00,200,0.0,0.0,233.95,0.0
2024-10-21 12:11:57+00:00,0,0.0,0.0,233.95,0.0
2024-10-21 12:11:58+00:00,0,0.0,0.0,233.95,0.0
2024-10-21 12:11:59+00:00,0,0.0,0.0,233.95,0.0
2024-10-21 12:12:00+00:00,0,0.0,0.0,233.95,0.0
2024-10-21 12:12:01+00:00,0,0.0,0.0,233.95,0.0
2024-10-21 12:12:02+00:00,-20,0.0,0.0,233.935,-6.411626415891991e-05
2024-10-21 12:12:03+00:00,0,0.0,0.0,233.935,0.0
2024-10-21 12:12:04+00:00,0,0.0,0.0,233.935,0.0
2024-10-21 12:12:05+00:00,0,0.0,0.0,233.935,0.0
2024-10-21 12:12:06+00:00,0,0.0,0.0,233.935,0.0
2024-10-21 12:12:07+00:00,0,0.0,0.0,233.935,0.0
2024-10-21 12:12:08+00:00,-180,0.0,0.0,233.95,6.41203753177777e-05
2024-10-21 12:12:09+00:00,200,0.0,0.0,233.95,0.0
2024-10-21 12:12:10+00:00,200,0.0,0.0,233.95,0.0
2024-10-21 12:12:11+00:00,0,0.0,0.0,233.95,0.0
2024-10-21 12:12:12+00:00,0,0.0,0.0,233.95,0.0
2024-10-21 12:12:13+00:00,0,0.0,0.0,233.95,0.0
2024-10-21 12:12:14+00:00,0,0.0,0.0,233.95,0.0
2024-10-21 12:12:15+00:00,0,0.0,0.0,233.95,0.0
2024-10-21 12:12:16+00:00,0,0.0,0.0,233.95,0.0
2024-10-21 12:12:17+00:00,0,0.0,0.0,233.95,0.0
2024-10-21 12:12:18+00:00,0,0.0,0.0,233.95,0.0
2024-10-21 12:12:19+00:00,0,0.0,0.0,233.95,0.0
2024-10-21 12:12:20+00:00,0,0.0,0.0,233.95,0.0
2024-10-21 12:12:21+00:00,0,0.0,0.0,233.95,0.0
2024-10-21 12:12:22+00:00,200,0.0,0.0,233.95,0.0
2024-10-21 12:12:23+00:00,0,0.0,0.0,233.95,0.0
2024-10-21 12:12:24+00:00,0,0.0,0.0,233.95,0.0
2024-10-21 12:12:25+00:00,200,0.0,0.0,233.95,0.0
2024-10-21 12:12:26+00:00,0,0.0,0.0,233.95,0.0
2024-10-21 12:12:27+00:00,0,0.0,0.0,233.95,0.0
2024-10-21 12:12:28+00:00,400,0.0,0.0,233.95,0.0
2024-10-21 12:12:29+00:00,0,0.0,0.0,233.95,0.0
2024-10-21 12:12:30+00:00,0,0.0,0.0,233.95,0.0
2024-10-21 12:12:31+00:00,602,0.0,0.0,233.95,0.0
2024-10-21 12:12:32+00:00,0,0.0,0.0,233.95,0.0
2024-10-21 12:12:33+00:00,0,0.0,0.0,233.95,0.0
2024-10-21 12:12:34+00:00,0,0.0,0.0,233.95,0.0
2024-10-21 12:12:35+00:00,0,0.0,0.0,233.95,0.0
2024-10-21 12:12:36+00:00,0,0.0,0.0,233.95,0.0
2024-10-21 12:12:37+00:00,0,0.0,0.0,233.95,0.0
2024-10-21 12:12:38+00:00,0,0.0,0.0,233.95,0.0
2024-10-21 12:12:39+00:00,0,0.0,0.0,233.95,0.0
2024-10-21 12:12:40+00:00,0,0.0,0.0,233.95,0.0
2024-10-21 12:12:41+00:00,-200,0.0,0.0,233.95,0.0
2024-10-21 12:12:42+00:00,0,0.0,0.0,233.95,0.0
2024-10-21 12:12:43+00:00,199,0.0,0.0,233.95,0.0
2024-10-21 12:12:44+00:00,0,0.0,0.0,233.95,0.0
2024-10-21 12:12:45+00:00,0,0.0,0.0,233.95,0.0
2024-10-21 12:12:46+00:00,200,0.0,0.0,233.95,0.0
2024-10-21 12:12:47+00:00,0,0.0,0.0,233.95,0.0
2024-10-21 12:12:48+00:00,169,0.0,0.0,233.86,-0.00038469758495396356
2024-10-21 12:12:49+00:00,28,0.0,0.0,233.86,0.0
2024-10-21 12:12:50+00:00,-803,0.0,0.0,233.885,0.00010690156503878612
2024-10-21 12:12:51+00:00,0,0.0,0.0,233.885,0.0
2024-10-21 12:12:52+00:00,0,0.0,0.0,233.885,0.0
2024-10-21 12:12:53+00:00,1,0.0,0.0,233.885,0.0
2024-10-21 12:12:54+00:00,0,0.0,0.0,233.885,0.0
2024-10-21 12:12:55+00:00,0,0.0,0.0,233.885,0.0
2024-10-21 12:12:56+00:00,0,0.0,0.0,233.885,0.0
2024-10-21 12:12:57+00:00,0,0.0,0.0,233.885,0.0
2024-10-21 12:12:58+00:00,0,0.0,0.0,233.885,0.0
2024-10-21 12:12:59+00:00,199,0.0,0.0,233.89,2.137802766322139e-05
2024-10-21 12:13:00+00:00,0,0.0,0.0,233.89,0.0
2024-10-21 12:13:01+00:00,0,0.0,0.0,233.89,0.0
2024-10-21 12:13:02+00:00,0,0.0,0.0,233.89,0.0
2024-10-21 12:13:03+00:00,0,0.0,0.0,233.89,0.0
2024-10-21 12:13:04+00:00,0,0.0,0.0,233.89,0.0
2024-10-21 12:13:05+00:00,0,0.0,0.0,233.89,0.0
2024-10-21 12:13:06+00:00,0,0.0,0.0,233.89,0.0
2024-10-21 12:13:07+00:00,0,0.0,0.0,233.89,0.0
2024-10-21 12:13:08+00:00,0,0.0,0.0,233.89,0.0
2024-10-21 12:13:09+00:00,0,0.0,0.0,233.89,0.0
2024-10-21 12:13:10+00:00,0,0.0,0.0,233.89,0.0
2024-10-21 12:13:11+00:00,0,0.0,0.0,233.89,0.0
2024-10-21 12:13:12+00:00,0,0.0,0.0,233.89,0.0
2024-10-21 12:13:13+00:00,0,0.0,0.0,233.89,0.0
2024-10-21 12:13:14+00:00,0,0.0,0.0,233.89,0.0
2024-10-21 12:13:15+00:00,0,0.0,0.0,233.89,0.0
2024-10-21 12:13:16+00:00,0,0.0,0.0,233.89,0.0
2024-10-21 12:13:17+00:00,0,0.0,0.0,233.89,0.0
2024-10-21 12:13:18+00:00,0,0.0,0.0,233.89,0.0
2024-10-21 12:13:19+00:00,0,0.0,0.0,233.89,0.0
2024-10-21 12:13:20+00:00,0,0.0,0.0,233.89,0.0
2024-10-21 12:13:21+00:00,0,0.0,0.0,233.89,0.0
2024-10-21 12:13:22+00:00,-400,0.0,0.0,233.89,0.0
2024-10-21 12:13:23+00:00,0,0.0,0.0,233.89,0.0
2024-10-21 12:13:24+00:00,0,0.0,0.0,233.89,0.0
2024-10-21 12:13:25+00:00,201,0.0,0.0,233.89499999999998,2.137757065279189e-05
2024-10-21 12:13:26+00:00,0,0.0,0.0,233.89499999999998,0.0
2024-10-21 12:13:27+00:00,0,0.0,0.0,233.89499999999998,0.0
2024-10-21 12:13:28+00:00,0,0.0,0.0,233.89499999999998,0.0
2024-10-21 12:13:29+00:00,0,0.0,0.0,233.89499999999998,0.0
2024-10-21 12:13:30+00:00,0,0.0,0.0,233.89499999999998,0.0
2024-10-21 12:13:31+00:00,0,0.0,0.0,233.89499999999998,0.0
2024-10-21 12:13:32+00:00,176,0.0,0.0,233.9,2.137711366212436e-05
2024-10-21 12:13:33+00:00,0,0.0,0.0,233.9,0.0
2024-10-21 12:13:34+00:00,-173,0.0,0.0,233.9,0.0
2024-10-21 12:13:35+00:00,800,0.0,0.0,233.86,-0.00017101325352708585
2024-10-21 12:13:36+00:00,0,0.0,0.0,233.86,0.0
2024-10-21 12:13:37+00:00,0,0.0,0.0,233.86,0.0
2024-10-21 12:13:38+00:00,200,0.0,0.0,233.885,0.00010690156503878612
2024-10-21 12:13:39+00:00,0,0.0,0.0,233.885,0.0
2024-10-21 12:13:40+00:00,0,0.0,0.0,233.885,0.0
2024-10-21 12:13:41+00:00,0,0.0,0.0,233.885,0.0
2024-10-21 12:13:42+00:00,0,0.0,0.0,233.885,0.0
2024-10-21 12:13:43+00:00,0,0.0,0.0,233.885,0.0
2024-10-21 12:13:44+00:00,0,0.0,0.0,233.885,0.0
2024-10-21 12:13:45+00:00,-148,0.0,0.0,234.04500000000002,0.0006840968852215301
2024-10-21 12:13:46+00:00,-57,0.0,0.0,233.95499999999998,-0.00038454143433963583
2024-10-21 12:13:47+00:00,27,0.0,0.0,233.95499999999998,0.0
2024-10-21 12:13:48+00:00,0,0.0,0.0,233.95499999999998,0.0
2024-10-21 12:13:49+00:00,0,0.0,0.0,233.95499999999998,0.0
2024-10-21 12:13:50+00:00,0,0.0,0.0,233.95499999999998,0.0
2024-10-21 12:13:51+00:00,0,0.0,0.0,233.95499999999998,0.0
2024-10-21 12:13:52+00:00,0,0.0,0.0,233.95499999999998,0.0
2024-10-21 12:13:53+00:00,0,0.0,0.0,233.95499999999998,0.0
2024-10-21 12:13:54+00:00,-200,0.0,0.0,233.95499999999998,0.0
2024-10-21 12:13:55+00:00,-1,0.0,0.0,233.95499999999998,0.0
2024-10-21 12:13:56+00:00,-200,0.0,0.0,233.945,-4.2743262593236686e-05
2024-10-21 12:13:57+00:00,0,0.0,0.0,233.945,0.0
2024-10-21 12:13:58+00:00,0,0.0,0.0,233.945,0.0
2024-10-21 12:13:59+00:00,0,0.0,0.0,233.945,0.0
2024-10-21 12:14:00+00:00,0,0.0,0.0,233.945,0.0
2024-10-21 12:14:01+00:00,-26,0.0,0.0,233.945,0.0
2024-10-21 12:14:02+00:00,0,0.0,0.0,233.945,0.0
2024-10-21 12:14:03+00:00,0,0.0,0.0,233.945,0.0
2024-10-21 12:14:04+00:00,0,0.0,0.0,233.945,0.0
2024-10-21 12:14:05+00:00,0,0.0,0.0,233.945,0.0
2024-10-21 12:14:06+00:00,5,0.0,0.0,234.05,0.0004488234414072867
2024-10-21 12:14:07+00:00,0,0.0,0.0,234.05,0.0
2024-10-21 12:14:08+00:00,0,0.0,0.0,234.05,0.0
2024-10-21 12:14:09+00:00,0,0.0,0.0,234.05,0.0
2024-10-21 12:14:10+00:00,200,0.0,0.0,234.05,0.0
2024-10-21 12:14:11+00:00,0,0.0,0.0,234.05,0.0
2024-10-21 12:14:12+00:00,0,0.0,0.0,234.05,0.0
2024-10-21 12:14:13+00:00,0,0.0,0.0,234.05,0.0
2024-10-21 12:14:14+00:00,0,0.0,0.0,234.05,0.0
2024-10-21 12:14:15+00:00,0,0.0,0.0,234.05,0.0
2024-10-21 12:14:16+00:00,0,0.0,0.0,234.05,0.0
2024-10-21 12:14:17+00:00,200,0.0,0.0,234.05,0.0
2024-10-21 12:14:18+00:00,200,0.0,0.0,234.05,0.0
2024-10-21 12:14:19+00:00,0,0.0,0.0,234.05,0.0
2024-10-21 12:14:20+00:00,0,0.0,0.0,234.05,0.0
2024-10-21 12:14:21+00:00,428,0.0,0.0,234.05,0.0
2024-10-21 12:14:22+00:00,0,0.0,0.0,234.05,0.0
2024-10-21 12:14:23+00:00,0,0.0,0.0,234.05,0.0
2024-10-21 12:14:24+00:00,0,0.0,0.0,234.05,0.0
2024-10-21 12:14:25+00:00,0,0.0,0.0,234.05,0.0
2024-10-21 12:14:26+00:00,0,0.0,0.0,234.05,0.0
2024-10-21 12:14:27+00:00,0,0.0,0.0,234.05,0.0
2024-10-21 12:14:28+00:00,200,0.0,0.0,234.05,0.0
2024-10-21 12:14:29+00:00,0,0.0,0.0,234.05,0.0
2024-10-21 12:14:30+00:00,0,0.0,0.0,234.05,0.0
2024-10-21 12:14:31+00:00,0,0.0,0.0,234.05,0.0
2024-10-21 12:14:32+00:00,0,0.0,0.0,234.05,0.0
2024-10-21 12:14:33+00:00,0,0.0,0.0,234.05,0.0
2024-10-21 12:14:34+00:00,0,0.0,0.0,234.05,0.0
2024-10-21 12:14:35+00:00,0,0.0,0.0,234.05,0.0
2024-10-21 12:14:36+00:00,0,0.0,0.0,234.05,0.0
2024-10-21 12:14:37+00:00,200,0.0,0.0,234.05,0.0
2024-10-21 12:14:38+00:00,0,0.0,0.0,234.05,0.0
2024-10-21 12:14:39+00:00,0,0.0,0.0,234.05,0.0
2024-10-21 12:14:40+00:00,0,0.0,0.0,234.05,0.0
2024-10-21 12:14:41+00:00,199,0.0,0.0,234.05,0.0
2024-10-21 12:14:42+00:00,0,0.0,0.0,234.05,0.0
2024-10-21 12:14:43+00:00,-200,0.0,0.0,234.05,0.0
2024-10-21 12:14:44+00:00,0,0.0,0.0,234.05,0.0
2024-10-21 12:14:45+00:00,0,0.0,0.0,234.05,0.0
2024-10-21 12:14:46+00:00,0,0.0,0.0,234.05,0.0
2024-10-21 12:14:47+00:00,0,0.0,0.0,234.05,0.0
2024-10-21 12:14:48+00:00,0,0.0,0.0,234.05,0.0
2024-10-21 12:14:49+00:00,-200,0.0,0.0,234.05,0.0
2024-10-21 12:14:50+00:00,0,0.0,0.0,234.05,0.0
2024-10-21 12:14:51+00:00,0,0.0,0.0,234.05,0.0
2024-10-21 12:14:52+00:00,-1,0.0,0.0,234.05,0.0
2024-10-21 12:14:53+00:00,-200,0.0,0.0,234.05,0.0
2024-10-21 12:14:54+00:00,0,0.0,0.0,234.05,0.0
2024-10-21 12:14:55+00:00,0,0.0,0.0,234.05,0.0
2024-10-21 12:14:56+00:00,0,0.0,0.0,234.05,0.0
2024-10-21 12:14:57+00:00,0,0.0,0.0,234.05,0.0
2024-10-21 12:14:58+00:00,0,0.0,0.0,234.05,0.0
2024-10-21 12:14:59+00:00,200,0.0,0.0,234.05,0.0
2024-10-21 12:15:00+00:00,0,0.0,0.0,234.05,0.0
2024-10-21 12:15:01+00:00,0,0.0,0.0,234.05,0.0
2024-10-21 12:15:02+00:00,0,0.0,0.0,234.05,0.0
2024-10-21 12:15:03+00:00,0,0.0,0.0,234.05,0.0
2024-10-21 12:15:04+00:00,0,0.0,0.0,234.05,0.0
2024-10-21 12:15:05+00:00,200,0.0,0.0,234.05,0.0
2024-10-21 12:15:06+00:00,0,0.0,0.0,234.05,0.0
2024-10-21 12:15:07+00:00,0,0.0,0.0,234.05,0.0
2024-10-21 12:15:08+00:00,-200,0.0,0.0,234.05,0.0
2024-10-21 12:15:09+00:00,0,0.0,0.0,234.05,0.0
2024-10-21 12:15:10+00:00,0,0.0,0.0,234.05,0.0
2024-10-21 12:15:11+00:00,0,0.0,0.0,234.05,0.0
2024-10-21 12:15:12+00:00,1201,0.0,0.0,234.05,0.0
2024-10-21 12:15:13+00:00,-200,0.0,0.0,234.05,0.0
2024-10-21 12:15:14+00:00,-173,0.0,0.0,234.05,0.0
2024-10-21 12:15:15+00:00,-200,0.0,0.0,234.05,0.0
2024-10-21 12:15:16+00:00,0,0.0,0.0,234.05,0.0
2024-10-21 12:15:17+00:00,-27,0.0,0.0,234.05,0.0
2024-10-21 12:15:18+00:00,0,0.0,0.0,234.05,0.0
2024-10-21 12:15:19+00:00,0,0.0,0.0,234.05,0.0
2024-10-21 12:15:20+00:00,0,0.0,0.0,234.05,0.0
2024-10-21 12:15:21+00:00,0,0.0,0.0,234.05,0.0
2024-10-21 12:15:22+00:00,0,0.0,0.0,234.05,0.0
2024-10-21 12:15:23+00:00,0,0.0,0.0,234.05,0.0
2024-10-21 12:15:24+00:00,-1,0.0,0.0,234.035,-6.408886989961449e-05
2024-10-21 12:15:25+00:00,0,0.0,0.0,234.035,0.0
2024-10-21 12:15:26+00:00,0,0.0,0.0,234.035,0.0
2024-10-21 12:15:27+00:00,-200,0.0,0.0,234.035,0.0
2024-10-21 12:15:28+00:00,0,0.0,0.0,234.035,0.0
2024-10-21 12:15:29+00:00,-196,0.0,0.0,233.93,-0.0004486508428226399
2024-10-21 12:15:30+00:00,0,0.0,0.0,233.93,0.0
2024-10-21 12:15:31+00:00,0,0.0,0.0,233.93,0.0
2024-10-21 12:15:32+00:00,0,0.0,0.0,233.93,0.0
2024-10-21 12:15:33+00:00,0,0.0,0.0,233.93,0.0
2024-10-21 12:15:34+00:00,0,0.0,0.0,233.93,0.0
2024-10-21 12:15:35+00:00,0,0.0,0.0,233.93,0.0
2024-10-21 12:15:36+00:00,0,0.0,0.0,233.93,0.0
2024-10-21 12:15:37+00:00,0,0.0,0.0,233.93,0.0
2024-10-21 12:15:38+00:00,0,0.0,0.0,233.93,0.0
2024-10-21 12:15:39+00:00,0,0.0,0.0,233.93,0.0
2024-10-21 12:15:40+00:00,3,0.0,0.0,233.945,6.412174582126617e-05
2024-10-21 12:15:41+00:00,0,0.0,0.0,233.945,0.0
2024-10-21 12:15:42+00:00,0,0.0,0.0,233.945,0.0
2024-10-21 12:15:43+00:00,-999,0.0,0.0,233.93,-6.411763448666008e-05
2024-10-21 12:15:44+00:00,0,0.0,0.0,233.93,0.0
2024-10-21 12:15:45+00:00,0,0.0,0.0,233.93,0.0
2024-10-21 12:15:46+00:00,-202,0.0,0.0,233.925,-2.13739152737924e-05
2024-10-21 12:15:47+00:00,0,0.0,0.0,233.925,0.0
2024-10-21 12:15:48+00:00,0,0.0,0.0,233.925,0.0
2024-10-21 12:15:49+00:00,0,0.0,0.0,233.925,0.0
2024-10-21 12:15:50+00:00,200,0.0,0.0,233.925,0.0
2024-10-21 12:15:51+00:00,0,0.0,0.0,233.925,0.0
2024-10-21 12:15:52+00:00,0,0.0,0.0,233.925,0.0
2024-10-21 12:15:53+00:00,0,0.0,0.0,233.925,0.0
2024-10-21 12:15:54+00:00,0,0.0,0.0,233.925,0.0
2024-10-21 12:15:55+00:00,199,0.0,0.0,233.945,8.54974885111659e-05
2024-10-21 12:15:56+00:00,0,0.0,0.0,233.945,0.0
2024-10-21 12:15:57+00:00,0,0.0,0.0,233.945,0.0
2024-10-21 12:15:58+00:00,0,0.0,0.0,233.945,0.0
2024-10-21 12:15:59+00:00,0,0.0,0.0,233.945,0.0
2024-10-21 12:16:00+00:00,-200,0.0,0.0,233.94,-2.13725448289237e-05
2024-10-21 12:16:01+00:00,0,0.0,0.0,233.94,0.0
2024-10-21 12:16:02+00:00,3,0.0,0.0,233.935,-2.1373001624303e-05
2024-10-21 12:16:03+00:00,0,0.0,0.0,233.935,0.0
2024-10-21 12:16:04+00:00,200,0.0,0.0,233.94,2.1373458439333248e-05
2024-10-21 12:16:05+00:00,0,0.0,0.0,233.94,0.0
2024-10-21 12:16:06+00:00,0,0.0,0.0,233.94,0.0
2024-10-21 12:16:07+00:00,0,0.0,0.0,233.94,0.0
2024-10-21 12:16:08+00:00,0,0.0,0.0,233.935,-2.1373001624303e-05
2024-10-21 12:16:09+00:00,1,0.0,0.0,233.925,-4.2746916878555474e-05
2024-10-21 12:16:10+00:00,-202,0.0,0.0,233.92000000000002,-2.1374372127791474e-05
2024-10-21 12:16:11+00:00,0,0.0,0.0,233.92000000000002,0.0
2024-10-21 12:16:12+00:00,-200,0.0,0.0,233.925,2.1374829001441498e-05
2024-10-21 12:16:13+00:00,-200,0.0,0.0,233.92000000000002,-2.1374372127791474e-05
2024-10-21 12:16:14+00:00,-200,0.0,0.0,233.92000000000002,0.0
2024-10-21 12:16:15+00:00,0,0.0,0.0,233.92000000000002,0.0
2024-10-21 12:16:16+00:00,0,0.0,0.0,233.92000000000002,0.0
2024-10-21 12:16:17+00:00,0,0.0,0.0,233.92000000000002,0.0
2024-10-21 12:16:18+00:00,0,0.0,0.0,233.92000000000002,0.0
2024-10-21 12:16:19+00:00,0,0.0,0.0,233.92000000000002,0.0
2024-10-21 12:16:20+00:00,0,0.0,0.0,233.91000000000003,-4.274965800266095e-05
2024-10-21 12:16:21+00:00,0,0.0,0.0,233.91000000000003,0.0
2024-10-21 12:16:22+00:00,0,0.0,0.0,233.91000000000003,0.0
2024-10-21 12:16:23+00:00,0,0.0,0.0,233.91000000000003,0.0
2024-10-21 12:16:24+00:00,0,0.0,0.0,233.91000000000003,0.0
2024-10-21 12:16:25+00:00,0,0.0,0.0,233.91000000000003,0.0
2024-10-21 12:16:26+00:00,0,0.0,0.0,233.91000000000003,0.0
2024-10-21 12:16:27+00:00,0,0.0,0.0,233.91000000000003,0.0
2024-10-21 12:16:28+00:00,0,0.0,0.0,233.91000000000003,0.0
2024-10-21 12:16:29+00:00,0,0.0,0.0,233.91000000000003,0.0
2024-10-21 12:16:30+00:00,0,0.0,0.0,233.91000000000003,0.0
2024-10-21 12:16:31+00:00,0,0.0,0.0,233.91000000000003,0.0
2024-10-21 12:16:32+00:00,0,0.0,0.0,233.91000000000003,0.0
2024-10-21 12:16:33+00:00,0,0.0,0.0,233.91000000000003,0.0
2024-10-21 12:16:34+00:00,-1,0.0,0.0,233.91000000000003,0.0
2024-10-21 12:16:35+00:00,-2,0.0,0.0,233.91000000000003,0.0
2024-10-21 12:16:36+00:00,-100,0.0,0.0,233.91000000000003,0.0
2024-10-21 12:16:37+00:00,-1,0.0,0.0,233.91000000000003,0.0
2024-10-21 12:16:38+00:00,0,0.0,0.0,233.91000000000003,0.0
2024-10-21 12:16:39+00:00,0,0.0,0.0,233.91000000000003,0.0
2024-10-21 12:16:40+00:00,0,0.0,0.0,233.91000000000003,0.0
2024-10-21 12:16:41+00:00,0,0.0,0.0,233.89,-8.550297122844608e-05
2024-10-21 12:16:42+00:00,-100,0.0,0.0,233.89,0.0
2024-10-21 12:16:43+00:00,0,0.0,0.0,233.89,0.0
2024-10-21 12:16:44+00:00,185,0.0,0.0,233.82,-0.00029928598914019666
2024-10-21 12:16:45+00:00,0,0.0,0.0,233.82,0.0
2024-10-21 12:16:46+00:00,0,0.0,0.0,233.82,0.0
2024-10-21 12:16:47+00:00,-200,0.0,0.0,233.8,-8.553588230253428e-05
2024-10-21 12:16:48+00:00,-402,0.0,0.0,233.8,0.0
2024-10-21 12:16:49+00:00,-153,0.0,0.0,233.89499999999998,0.0004063301967491828
2024-10-21 12:16:50+00:00,173,0.0,0.0,233.89499999999998,0.0
2024-10-21 12:16:51+00:00,141,0.0,0.0,233.97,0.0003206567049318654
2024-10-21 12:16:52+00:00,0,0.0,0.0,233.97,0.0
2024-10-21 12:16:53+00:00,0,0.0,0.0,233.97,0.0
2024-10-21 12:16:54+00:00,-3,0.0,0.0,233.97,0.0
2024-10-21 12:16:55+00:00,0,0.0,0.0,233.97,0.0
2024-10-21 12:16:56+00:00,0,0.0,0.0,233.97,0.0
2024-10-21 12:16:57+00:00,0,0.0,0.0,233.97,0.0
2024-10-21 12:16:58+00:00,0,0.0,0.0,233.97,0.0
2024-10-21 12:16:59+00:00,0,0.0,0.0,233.97,0.0
2024-10-21 12:17:00+00:00,0,0.0,0.0,233.97,0.0
2024-10-21 12:17:01+00:00,0,0.0,0.0,233.97,0.0
2024-10-21 12:17:02+00:00,0,0.0,0.0,233.965,-2.1370261144570968e-05
2024-10-21 12:17:03+00:00,0,0.0,0.0,233.965,0.0
2024-10-21 12:17:04+00:00,4,0.0,0.0,233.965,0.0
2024-10-21 12:17:05+00:00,0,0.0,0.0,233.965,0.0
2024-10-21 12:17:06+00:00,0,0.0,0.0,233.965,0.0
2024-10-21 12:17:07+00:00,200,0.0,0.0,233.965,0.0
2024-10-21 12:17:08+00:00,0,0.0,0.0,233.965,0.0
2024-10-21 12:17:09+00:00,0,0.0,0.0,233.965,0.0
2024-10-21 12:17:10+00:00,0,0.0,0.0,233.965,0.0
2024-10-21 12:17:11+00:00,0,0.0,0.0,233.965,0.0
2024-10-21 12:17:12+00:00,0,0.0,0.0,233.965,0.0
2024-10-21 12:17:13+00:00,0,0.0,0.0,233.965,0.0
2024-10-21 12:17:14+00:00,0,0.0,0.0,233.965,0.0
2024-10-21 12:17:15+00:00,0,0.0,0.0,233.965,0.0
2024-10-21 12:17:16+00:00,200,0.0,0.0,233.965,0.0
2024-10-21 12:17:17+00:00,0,0.0,0.0,233.965,0.0
2024-10-21 12:17:18+00:00,10,0.0,0.0,233.99,0.00010685358921214139
2024-10-21 12:17:19+00:00,0,0.0,0.0,233.99,0.0
2024-10-21 12:17:20+00:00,200,0.0,0.0,233.99,0.0
2024-10-21 12:17:21+00:00,400,0.0,0.0,234.0,4.273686909694874e-05
2024-10-21 12:17:22+00:00,-250,0.0,0.0,233.95,-0.00021367521367521292
2024-10-21 12:17:23+00:00,0,0.0,0.0,233.95,0.0
2024-10-21 12:17:24+00:00,-202,0.0,0.0,233.95,0.0
2024-10-21 12:17:25+00:00,0,0.0,0.0,233.95,0.0
2024-10-21 12:17:26+00:00,-199,0.0,0.0,233.95,0.0
2024-10-21 12:17:27+00:00,0,0.0,0.0,233.95,0.0
2024-10-21 12:17:28+00:00,0,0.0,0.0,233.95,0.0
2024-10-21 12:17:29+00:00,0,0.0,0.0,233.95,0.0
2024-10-21 12:17:30+00:00,-202,0.0,0.0,233.95,0.0
2024-10-21 12:17:31+00:00,0,0.0,0.0,233.95,0.0
2024-10-21 12:17:32+00:00,0,0.0,0.0,233.95,0.0
2024-10-21 12:17:33+00:00,-200,0.0,0.0,233.95,0.0
2024-10-21 12:17:34+00:00,0,0.0,0.0,233.95,0.0
2024-10-21 12:17:35+00:00,-199,0.0,0.0,233.95,0.0
2024-10-21 12:17:36+00:00,0,0.0,0.0,233.95,0.0
2024-10-21 12:17:37+00:00,400,0.0,0.0,233.95,0.0
2024-10-21 12:17:38+00:00,-200,0.0,0.0,233.95,0.0
2024-10-21 12:17:39+00:00,1,0.0,0.0,233.95,0.0
2024-10-21 12:17:40+00:00,0,0.0,0.0,233.95,0.0
2024-10-21 12:17:41+00:00,0,0.0,0.0,233.95,0.0
2024-10-21 12:17:42+00:00,0,0.0,0.0,233.95,0.0
2024-10-21 12:17:43+00:00,0,0.0,0.0,233.95,0.0
2024-10-21 12:17:44+00:00,0,0.0,0.0,233.95,0.0
2024-10-21 12:17:45+00:00,0,0.0,0.0,233.95,0.0
2024-10-21 12:17:46+00:00,0,0.0,0.0,233.95,0.0
2024-10-21 12:17:47+00:00,-248,0.0,0.0,233.85,-0.0004274417610600212
2024-10-21 12:17:48+00:00,0,0.0,0.0,233.85,0.0
2024-10-21 12:17:49+00:00,0,0.0,0.0,233.85,0.0
2024-10-21 12:17:50+00:00,0,0.0,0.0,233.85,0.0
2024-10-21 12:17:51+00:00,0,0.0,0.0,233.85,0.0
2024-10-21 12:17:52+00:00,0,0.0,0.0,233.85,0.0
2024-10-21 12:17:53+00:00,0,0.0,0.0,233.85,0.0
2024-10-21 12:17:54+00:00,0,0.0,0.0,233.85,0.0
2024-10-21 12:17:55+00:00,0,0.0,0.0,233.85,0.0
2024-10-21 12:17:56+00:00,0,0.0,0.0,233.85,0.0
2024-10-21 12:17:57+00:00,-373,0.0,0.0,233.85,0.0
2024-10-21 12:17:58+00:00,-200,0.0,0.0,233.85,0.0
2024-10-21 12:17:59+00:00,0,0.0,0.0,233.85,0.0
2024-10-21 12:18:00+00:00,-229,0.0,0.0,233.85,0.0
2024-10-21 12:18:01+00:00,200,0.0,0.0,233.85,0.0
2024-10-21 12:18:02+00:00,-200,0.0,0.0,233.85,0.0
2024-10-21 12:18:03+00:00,198,0.0,0.0,233.85,0.0
2024-10-21 12:18:04+00:00,-200,0.0,0.0,233.85,0.0
2024-10-21 12:18:05+00:00,0,0.0,0.0,233.85,0.0
2024-10-21 12:18:06+00:00,0,0.0,0.0,233.85,0.0
2024-10-21 12:18:07+00:00,0,0.0,0.0,233.85,0.0
2024-10-21 12:18:08+00:00,-200,0.0,0.0,233.85,0.0
2024-10-21 12:18:09+00:00,0,0.0,0.0,233.85,0.0
2024-10-21 12:18:10+00:00,-200,0.0,0.0,233.85,0.0
2024-10-21 12:18:11+00:00,-200,0.0,0.0,233.85,0.0
2024-10-21 12:18:12+00:00,0,0.0,0.0,233.85,0.0
2024-10-21 12:18:13+00:00,0,0.0,0.0,233.85,0.0
2024-10-21 12:18:14+00:00,0,0.0,0.0,233.85,0.0
2024-10-21 12:18:15+00:00,0,0.0,0.0,233.85,0.0
2024-10-21 12:18:16+00:00,0,0.0,0.0,233.85,0.0
2024-10-21 12:18:17+00:00,0,0.0,0.0,233.85,0.0
2024-10-21 12:18:18+00:00,0,0.0,0.0,233.85,0.0
2024-10-21 12:18:19+00:00,0,0.0,0.0,233.85,0.0
2024-10-21 12:18:20+00:00,2,0.0,0.0,233.845,-2.1381227282457616e-05
2024-10-21 12:18:21+00:00,0,0.0,0.0,233.845,0.0
2024-10-21 12:18:22+00:00,0,0.0,0.0,233.845,0.0
2024-10-21 12:18:23+00:00,0,0.0,0.0,233.845,0.0
2024-10-21 12:18:24+00:00,0,0.0,0.0,233.845,0.0
2024-10-21 12:18:25+00:00,0,0.0,0.0,233.845,0.0
2024-10-21 12:18:26+00:00,0,0.0,0.0,233.845,0.0
2024-10-21 12:18:27+00:00,0,0.0,0.0,233.845,0.0
2024-10-21 12:18:28+00:00,0,0.0,0.0,233.845,0.0
2024-10-21 12:18:29+00:00,0,0.0,0.0,233.845,0.0
2024-10-21 12:18:30+00:00,-400,0.0,0.0,233.83499999999998,-4.276336889830201e-05
2024-10-21 12:18:31+00:00,0,0.0,0.0,233.83499999999998,0.0
2024-10-21 12:18:32+00:00,0,0.0,0.0,233.83499999999998,0.0
2024-10-21 12:18:33+00:00,0,0.0,0.0,233.83499999999998,0.0
2024-10-21 12:18:34+00:00,0,0.0,0.0,233.83499999999998,0.0
2024-10-21 12:18:35+00:00,0,0.0,0.0,233.83499999999998,0.0
2024-10-21 12:18:36+00:00,0,0.0,0.0,233.83499999999998,0.0
2024-10-21 12:18:37+00:00,0,0.0,0.0,233.83499999999998,0.0
2024-10-21 12:18:38+00:00,2,0.0,0.0,233.845,4.2765197682204104e-05
2024-10-21 12:18:39+00:00,0,0.0,0.0,233.845,0.0
2024-10-21 12:18:40+00:00,-2,0.0,0.0,233.845,0.0
2024-10-21 12:18:41+00:00,204,0.0,0.0,233.865,8.552673779638198e-05
2024-10-21 12:18:42+00:00,0,0.0,0.0,233.865,0.0
2024-10-21 12:18:43+00:00,0,0.0,0.0,233.865,0.0
2024-10-21 12:18:44+00:00,-202,0.0,0.0,233.83999999999997,-0.00010689927949902867
2024-10-21 12:18:45+00:00,0,0.0,0.0,233.83999999999997,0.0
2024-10-21 12:18:46+00:00,0,0.0,0.0,233.83999999999997,0.0
2024-10-21 12:18:47+00:00,200,0.0,0.0,233.85500000000002,6.414642490604194e-05
2024-10-21 12:18:48+00:00,-229,0.0,0.0,233.83499999999998,-8.552308054154967e-05
2024-10-21 12:18:49+00:00,0,0.0,0.0,233.83499999999998,0.0
2024-10-21 12:18:50+00:00,0,0.0,0.0,233.83499999999998,0.0
2024-10-21 12:18:51+00:00,398,0.0,0.0,233.83499999999998,0.0
2024-10-21 12:18:52+00:00,0,0.0,0.0,233.83499999999998,0.0
2024-10-21 12:18:53+00:00,27,0.0,0.0,233.83499999999998,0.0
2024-10-21 12:18:54+00:00,0,0.0,0.0,233.83499999999998,0.0
2024-10-21 12:18:55+00:00,0,0.0,0.0,233.83499999999998,0.0
2024-10-21 12:18:56+00:00,0,0.0,0.0,233.83499999999998,0.0
2024-10-21 12:18:57+00:00,0,0.0,0.0,233.83499999999998,0.0
2024-10-21 12:18:58+00:00,0,0.0,0.0,233.83499999999998,0.0
2024-10-21 12:18:59+00:00,0,0.0,0.0,233.83499999999998,0.0
2024-10-21 12:19:00+00:00,200,0.0,0.0,233.85,6.414779652330616e-05
2024-10-21 12:19:01+00:00,0,0.0,0.0,233.85,0.0
2024-10-21 12:19:02+00:00,0,0.0,0.0,233.83499999999998,-6.414368184737285e-05
2024-10-21 12:19:03+00:00,0,0.0,0.0,233.83499999999998,0.0
2024-10-21 12:19:04+00:00,0,0.0,0.0,233.83499999999998,0.0
2024-10-21 12:19:05+00:00,200,0.0,0.0,233.85,6.414779652330616e-05
2024-10-21 12:19:06+00:00,-200,0.0,0.0,233.845,-2.1381227282457616e-05
2024-10-21 12:19:07+00:00,3,0.0,0.0,233.82999999999998,-6.414505334739751e-05
2024-10-21 12:19:08+00:00,0,0.0,0.0,233.82999999999998,0.0
2024-10-21 12:19:09+00:00,0,0.0,0.0,233.82999999999998,0.0
2024-10-21 12:19:10+00:00,200,0.0,0.0,233.82999999999998,0.0
2024-10-21 12:19:11+00:00,0,0.0,0.0,233.82999999999998,0.0
2024-10-21 12:19:12+00:00,0,0.0,0.0,233.82999999999998,0.0
2024-10-21 12:19:13+00:00,0,0.0,0.0,233.82999999999998,0.0
2024-10-21 12:19:14+00:00,200,0.0,0.0,233.82999999999998,0.0
2024-10-21 12:19:15+00:00,0,0.0,0.0,233.82999999999998,0.0
2024-10-21 12:19:16+00:00,0,0.0,0.0,233.82999999999998,0.0
2024-10-21 12:19:17+00:00,0,0.0,0.0,233.82999999999998,0.0
2024-10-21 12:19:18+00:00,0,0.0,0.0,233.82999999999998,0.0
2024-10-21 12:19:19+00:00,0,0.0,0.0,233.82999999999998,0.0
2024-10-21 12:19:20+00:00,0,0.0,0.0,233.82999999999998,0.0
2024-10-21 12:19:21+00:00,100,0.0,0.0,233.82999999999998,0.0
2024-10-21 12:19:22+00:00,0,0.0,0.0,233.82999999999998,0.0
2024-10-21 12:19:23+00:00,0,0.0,0.0,233.82999999999998,0.0
2024-10-21 12:19:24+00:00,0,0.0,0.0,233.82999999999998,0.0
2024-10-21 12:19:25+00:00,0,0.0,0.0,233.82999999999998,0.0
2024-10-21 12:19:26+00:00,0,0.0,0.0,233.82999999999998,0.0
2024-10-21 12:19:27+00:00,0,0.0,0.0,233.82999999999998,0.0
2024-10-21 12:19:28+00:00,0,0.0,0.0,233.82999999999998,0.0
2024-10-21 12:19:29+00:00,0,0.0,0.0,233.82999999999998,0.0
2024-10-21 12:19:30+00:00,0,0.0,0.0,233.82999999999998,0.0
2024-10-21 12:19:31+00:00,200,0.0,0.0,233.85,8.553222426543883e-05
2024-10-21 12:19:32+00:00,0,0.0,0.0,233.85,0.0
2024-10-21 12:19:33+00:00,0,0.0,0.0,233.85,0.0
2024-10-21 12:19:34+00:00,0,0.0,0.0,233.85,0.0
2024-10-21 12:19:35+00:00,-200,0.0,0.0,233.85,0.0
2024-10-21 12:19:36+00:00,0,0.0,0.0,233.85,0.0
2024-10-21 12:19:37+00:00,0,0.0,0.0,233.85,0.0
2024-10-21 12:19:38+00:00,200,0.0,0.0,233.865,6.414368184737285e-05
2024-10-21 12:19:39+00:00,0,0.0,0.0,233.865,0.0
2024-10-21 12:19:40+00:00,-200,0.0,0.0,233.865,0.0
2024-10-21 12:19:41+00:00,0,0.0,0.0,233.865,0.0
2024-10-21 12:19:42+00:00,0,0.0,0.0,233.85,-6.413956769935059e-05
2024-10-21 12:19:43+00:00,0,0.0,0.0,233.85,0.0
2024-10-21 12:19:44+00:00,0,0.0,0.0,233.85,0.0
2024-10-21 12:19:45+00:00,200,0.0,0.0,233.86,4.276245456491523e-05
2024-10-21 12:19:46+00:00,0,0.0,0.0,233.86,0.0
2024-10-21 12:19:47+00:00,0,0.0,0.0,233.86,0.0
2024-10-21 12:19:48+00:00,0,0.0,0.0,233.86,0.0
2024-10-21 12:19:49+00:00,0,0.0,0.0,233.86,0.0
2024-10-21 12:19:50+00:00,0,0.0,0.0,233.86,0.0
2024-10-21 12:19:51+00:00,0,0.0,0.0,233.86,0.0
2024-10-21 12:19:52+00:00,0,0.0,0.0,233.86,0.0
2024-10-21 12:19:53+00:00,0,0.0,0.0,233.86,0.0
2024-10-21 12:19:54+00:00,0,0.0,0.0,233.86,0.0
2024-10-21 12:19:55+00:00,0,0.0,0.0,233.86,0.0
2024-10-21 12:19:56+00:00,0,0.0,0.0,233.86,0.0
2024-10-21 12:19:57+00:00,200,0.0,0.0,233.865,2.1380313007801632e-05
2024-10-21 12:19:58+00:00,0,0.0,0.0,233.865,0.0
2024-10-21 12:19:59+00:00,0,0.0,0.0,233.865,0.0
2024-10-21 12:20:00+00:00,0,0.0,0.0,233.865,0.0
2024-10-21 12:20:01+00:00,0,0.0,0.0,233.865,0.0
2024-10-21 12:20:02+00:00,3,0.0,0.0,233.86,-2.137985589978353e-05
2024-10-21 12:20:03+00:00,0,0.0,0.0,233.86,0.0
2024-10-21 12:20:04+00:00,0,0.0,0.0,233.86,0.0
2024-10-21 12:20:05+00:00,0,0.0,0.0,233.86,0.0
2024-10-21 12:20:06+00:00,0,0.0,0.0,233.86,0.0
2024-10-21 12:20:07+00:00,0,0.0,0.0,233.86,0.0
2024-10-21 12:20:08+00:00,0,0.0,0.0,233.86,0.0
2024-10-21 12:20:09+00:00,0,0.0,0.0,233.86,0.0
2024-10-21 12:20:10+00:00,0,0.0,0.0,233.86,0.0
2024-10-21 12:20:11+00:00,0,0.0,0.0,233.86,0.0
2024-10-21 12:20:12+00:00,0,0.0,0.0,233.86,0.0
2024-10-21 12:20:13+00:00,0,0.0,0.0,233.86,0.0
2024-10-21 12:20:14+00:00,0,0.0,0.0,233.86,0.0
2024-10-21 12:20:15+00:00,0,0.0,0.0,233.86,0.0
2024-10-21 12:20:16+00:00,0,0.0,0.0,233.86,0.0
2024-10-21 12:20:17+00:00,0,0.0,0.0,233.86,0.0
2024-10-21 12:20:18+00:00,200,0.0,0.0,233.865,2.1380313007801632e-05
2024-10-21 12:20:19+00:00,0,0.0,0.0,233.865,0.0
2024-10-21 12:20:20+00:00,0,0.0,0.0,233.865,0.0
2024-10-21 12:20:21+00:00,0,0.0,0.0,233.865,0.0
2024-10-21 12:20:22+00:00,0,0.0,0.0,233.865,0.0
2024-10-21 12:20:23+00:00,0,0.0,0.0,233.865,0.0
2024-10-21 12:20:24+00:00,0,0.0,0.0,233.865,0.0
2024-10-21 12:20:25+00:00,0,0.0,0.0,233.865,0.0
2024-10-21 12:20:26+00:00,0,0.0,0.0,233.85,-6.413956769935059e-05
2024-10-21 12:20:27+00:00,0,0.0,0.0,233.85,0.0
2024-10-21 12:20:28+00:00,0,0.0,0.0,233.85,0.0
2024-10-21 12:20:29+00:00,205,0.0,0.0,233.9,0.00021381227282457616
2024-10-21 12:20:30+00:00,0,0.0,0.0,233.9,0.0
2024-10-21 12:20:31+00:00,0,0.0,0.0,233.9,0.0
2024-10-21 12:20:32+00:00,-600,0.0,0.0,233.89,-4.2753313381882485e-05
2024-10-21 12:20:33+00:00,-200,0.0,0.0,233.885,-2.137757065290291e-05
2024-10-21 12:20:34+00:00,-200,0.0,0.0,233.885,0.0
2024-10-21 12:20:35+00:00,0,0.0,0.0,233.885,0.0
2024-10-21 12:20:36+00:00,0,0.0,0.0,233.885,0.0
2024-10-21 12:20:37+00:00,0,0.0,0.0,233.885,0.0
2024-10-21 12:20:38+00:00,0,0.0,0.0,233.885,0.0
2024-10-21 12:20:39+00:00,0,0.0,0.0,233.885,0.0
2024-10-21 12:20:40+00:00,0,0.0,0.0,233.885,0.0
2024-10-21 12:20:41+00:00,0,0.0,0.0,233.885,0.0
2024-10-21 12:20:42+00:00,0,0.0,0.0,233.885,0.0
2024-10-21 12:20:43+00:00,0,0.0,0.0,233.885,0.0
2024-10-21 12:20:44+00:00,0,0.0,0.0,233.885,0.0
2024-10-21 12:20:45+00:00,0,0.0,0.0,233.885,0.0
2024-10-21 12:20:46+00:00,0,0.0,0.0,233.885,0.0
2024-10-21 12:20:47+00:00,0,0.0,0.0,233.885,0.0
2024-10-21 12:20:48+00:00,0,0.0,0.0,233.885,0.0
2024-10-21 12:20:49+00:00,0,0.0,0.0,233.885,0.0
2024-10-21 12:20:50+00:00,0,0.0,0.0,233.885,0.0
2024-10-21 12:20:51+00:00,0,0.0,0.0,233.885,0.0
2024-10-21 12:20:52+00:00,0,0.0,0.0,233.885,0.0
2024-10-21 12:20:53+00:00,750,0.0,0.0,233.91500000000002,0.00012826816597910629
2024-10-21 12:20:54+00:00,-177,0.0,0.0,233.925,4.27505717888188e-05
2024-10-21 12:20:55+00:00,0,0.0,0.0,233.925,0.0
2024-10-21 12:20:56+00:00,-200,0.0,0.0,233.93,2.1374372127791474e-05
2024-10-21 12:20:57+00:00,0,0.0,0.0,233.93,0.0
2024-10-21 12:20:58+00:00,0,0.0,0.0,233.93,0.0
2024-10-21 12:20:59+00:00,0,0.0,0.0,233.93,0.0
2024-10-21 12:21:00+00:00,-26,0.0,0.0,233.93,0.0
2024-10-21 12:21:01+00:00,-400,0.0,0.0,233.93,0.0
2024-10-21 12:21:02+00:00,0,0.0,0.0,233.93,0.0
2024-10-21 12:21:03+00:00,0,0.0,0.0,233.93,0.0
2024-10-21 12:21:04+00:00,0,0.0,0.0,233.93,0.0
2024-10-21 12:21:05+00:00,0,0.0,0.0,233.93,0.0
2024-10-21 12:21:06+00:00,30,0.0,0.0,233.93,0.0
2024-10-21 12:21:07+00:00,-1,0.0,0.0,233.93,0.0
2024-10-21 12:21:08+00:00,700,0.0,0.0,233.93,0.0
2024-10-21 12:21:09+00:00,-26,0.0,0.0,233.93,0.0
2024-10-21 12:21:10+00:00,0,0.0,0.0,233.93,0.0
2024-10-21 12:21:11+00:00,0,0.0,0.0,233.93,0.0
2024-10-21 12:21:12+00:00,0,0.0,0.0,233.93,0.0
2024-10-21 12:21:13+00:00,-100,0.0,0.0,233.93,0.0
2024-10-21 12:21:14+00:00,0,0.0,0.0,233.93,0.0
2024-10-21 12:21:15+00:00,0,0.0,0.0,233.93,0.0
2024-10-21 12:21:16+00:00,-200,0.0,0.0,233.93,0.0
2024-10-21 12:21:17+00:00,200,0.0,0.0,233.93,0.0
2024-10-21 12:21:18+00:00,571,0.0,0.0,233.93,0.0
2024-10-21 12:21:19+00:00,0,0.0,0.0,233.93,0.0
2024-10-21 12:21:20+00:00,0,0.0,0.0,233.93,0.0
2024-10-21 12:21:21+00:00,-200,0.0,0.0,233.93,0.0
2024-10-21 12:21:22+00:00,0,0.0,0.0,233.93,0.0
2024-10-21 12:21:23+00:00,0,0.0,0.0,233.93,0.0
2024-10-21 12:21:24+00:00,0,0.0,0.0,233.93,0.0
2024-10-21 12:21:25+00:00,0,0.0,0.0,233.93,0.0
2024-10-21 12:21:26+00:00,600,0.0,0.0,233.93,0.0
2024-10-21 12:21:27+00:00,0,0.0,0.0,233.93,0.0
2024-10-21 12:21:28+00:00,400,0.0,0.0,233.93,0.0
2024-10-21 12:21:29+00:00,29,0.0,0.0,233.93,0.0
2024-10-21 12:21:30+00:00,0,0.0,0.0,233.93,0.0
2024-10-21 12:21:31+00:00,0,0.0,0.0,233.93,0.0
2024-10-21 12:21:32+00:00,0,0.0,0.0,233.93,0.0
2024-10-21 12:21:33+00:00,0,0.0,0.0,233.93,0.0
2024-10-21 12:21:34+00:00,0,0.0,0.0,233.93,0.0
2024-10-21 12:21:35+00:00,0,0.0,0.0,233.93,0.0
2024-10-21 12:21:36+00:00,0,0.0,0.0,233.93,0.0
2024-10-21 12:21:37+00:00,0,0.0,0.0,233.93,0.0
2024-10-21 12:21:38+00:00,0,0.0,0.0,233.93,0.0
2024-10-21 12:21:39+00:00,0,0.0,0.0,233.93,0.0
2024-10-21 12:21:40+00:00,0,0.0,0.0,233.93,0.0
2024-10-21 12:21:41+00:00,0,0.0,0.0,233.93,0.0
2024-10-21 12:21:42+00:00,0,0.0,0.0,233.93,0.0
2024-10-21 12:21:43+00:00,-200,0.0,0.0,233.93,0.0
2024-10-21 12:21:44+00:00,0,0.0,0.0,233.93,0.0
2024-10-21 12:21:45+00:00,400,0.0,0.0,233.93,0.0
2024-10-21 12:21:46+00:00,0,0.0,0.0,233.93,0.0
2024-10-21 12:21:47+00:00,0,0.0,0.0,233.93,0.0
2024-10-21 12:21:48+00:00,23,0.0,0.0,233.93,0.0
2024-10-21 12:21:49+00:00,0,0.0,0.0,233.93,0.0
2024-10-21 12:21:50+00:00,0,0.0,0.0,233.93,0.0
2024-10-21 12:21:51+00:00,0,0.0,0.0,233.93,0.0
2024-10-21 12:21:52+00:00,0,0.0,0.0,233.93,0.0
2024-10-21 12:21:53+00:00,400,0.0,0.0,233.93,0.0
2024-10-21 12:21:54+00:00,0,0.0,0.0,233.93,0.0
2024-10-21 12:21:55+00:00,0,0.0,0.0,233.93,0.0
2024-10-21 12:21:56+00:00,0,0.0,0.0,233.93,0.0
2024-10-21 12:21:57+00:00,0,0.0,0.0,233.93,0.0
2024-10-21 12:21:58+00:00,0,0.0,0.0,233.93,0.0
2024-10-21 12:21:59+00:00,0,0.0,0.0,233.93,0.0
2024-10-21 12:22:00+00:00,0,0.0,0.0,233.93,0.0
2024-10-21 12:22:01+00:00,-200,0.0,0.0,233.93,0.0
2024-10-21 12:22:02+00:00,0,0.0,0.0,233.93,0.0
2024-10-21 12:22:03+00:00,-1150,0.0,0.0,233.9,-0.0001282434916427544
2024-10-21 12:22:04+00:00,0,0.0,0.0,233.9,0.0
2024-10-21 12:22:05+00:00,0,0.0,0.0,233.9,0.0
2024-10-21 12:22:06+00:00,0,0.0,0.0,233.9,0.0
2024-10-21 12:22:07+00:00,0,0.0,0.0,233.9,0.0
2024-10-21 12:22:08+00:00,0,0.0,0.0,233.9,0.0
2024-10-21 12:22:09+00:00,-28,0.0,0.0,233.9,0.0
2024-10-21 12:22:10+00:00,0,0.0,0.0,233.9,0.0
2024-10-21 12:22:11+00:00,0,0.0,0.0,233.9,0.0
2024-10-21 12:22:12+00:00,0,0.0,0.0,233.9,0.0
2024-10-21 12:22:13+00:00,0,0.0,0.0,233.9,0.0
2024-10-21 12:22:14+00:00,0,0.0,0.0,233.9,0.0
2024-10-21 12:22:15+00:00,0,0.0,0.0,233.9,0.0
2024-10-21 12:22:16+00:00,2,0.0,0.0,233.9,0.0
2024-10-21 12:22:17+00:00,0,0.0,0.0,233.9,0.0
2024-10-21 12:22:18+00:00,0,0.0,0.0,233.9,0.0
2024-10-21 12:22:19+00:00,0,0.0,0.0,233.9,0.0
2024-10-21 12:22:20+00:00,29,0.0,0.0,233.9,0.0
2024-10-21 12:22:21+00:00,200,0.0,0.0,233.9,0.0
2024-10-21 12:22:22+00:00,-27,0.0,0.0,233.9,0.0
2024-10-21 12:22:23+00:00,100,0.0,0.0,233.95499999999998,0.00023514322359963202
2024-10-21 12:22:24+00:00,0,0.0,0.0,233.95499999999998,0.0
2024-10-21 12:22:25+00:00,0,0.0,0.0,233.95499999999998,0.0
2024-10-21 12:22:26+00:00,0,0.0,0.0,233.95499999999998,0.0
2024-10-21 12:22:27+00:00,0,0.0,0.0,233.95499999999998,0.0
2024-10-21 12:22:28+00:00,0,0.0,0.0,233.95499999999998,0.0
2024-10-21 12:22:29+00:00,200,0.0,0.0,233.95499999999998,0.0
2024-10-21 12:22:30+00:00,0,0.0,0.0,233.95499999999998,0.0
2024-10-21 12:22:31+00:00,0,0.0,0.0,233.95499999999998,0.0
2024-10-21 12:22:32+00:00,0,0.0,0.0,233.95499999999998,0.0
2024-10-21 12:22:33+00:00,0,0.0,0.0,233.95499999999998,0.0
2024-10-21 12:22:34+00:00,0,0.0,0.0,233.95499999999998,0.0
2024-10-21 12:22:35+00:00,0,0.0,0.0,233.95499999999998,0.0
2024-10-21 12:22:36+00:00,1,0.0,0.0,233.95499999999998,0.0
2024-10-21 12:22:37+00:00,0,0.0,0.0,233.95499999999998,0.0
2024-10-21 12:22:38+00:00,0,0.0,0.0,233.95499999999998,0.0
2024-10-21 12:22:39+00:00,0,0.0,0.0,233.95499999999998,0.0
2024-10-21 12:22:40+00:00,0,0.0,0.0,233.95499999999998,0.0
2024-10-21 12:22:41+00:00,0,0.0,0.0,233.95499999999998,0.0
2024-10-21 12:22:42+00:00,0,0.0,0.0,233.95499999999998,0.0
2024-10-21 12:22:43+00:00,0,0.0,0.0,233.95499999999998,0.0
2024-10-21 12:22:44+00:00,0,0.0,0.0,233.95499999999998,0.0
2024-10-21 12:22:45+00:00,0,0.0,0.0,233.95499999999998,0.0
2024-10-21 12:22:46+00:00,0,0.0,0.0,233.95499999999998,0.0
2024-10-21 12:22:47+00:00,0,0.0,0.0,233.95499999999998,0.0
2024-10-21 12:22:48+00:00,0,0.0,0.0,233.95499999999998,0.0
2024-10-21 12:22:49+00:00,0,0.0,0.0,233.95499999999998,0.0
2024-10-21 12:22:50+00:00,0,0.0,0.0,233.95499999999998,0.0
2024-10-21 12:22:51+00:00,0,0.0,0.0,233.95499999999998,0.0
2024-10-21 12:22:52+00:00,0,0.0,0.0,233.95499999999998,0.0
2024-10-21 12:22:53+00:00,0,0.0,0.0,233.95499999999998,0.0
2024-10-21 12:22:54+00:00,0,0.0,0.0,233.95499999999998,0.0
2024-10-21 12:22:55+00:00,0,0.0,0.0,233.95499999999998,0.0
2024-10-21 12:22:56+00:00,0,0.0,0.0,233.95499999999998,0.0
2024-10-21 12:22:57+00:00,0,0.0,0.0,233.95499999999998,0.0
2024-10-21 12:22:58+00:00,0,0.0,0.0,233.95499999999998,0.0
2024-10-21 12:22:59+00:00,0,0.0,0.0,233.95499999999998,0.0
2024-10-21 12:23:00+00:00,0,0.0,0.0,233.95499999999998,0.0
2024-10-21 12:23:01+00:00,0,0.0,0.0,233.95499999999998,0.0
2024-10-21 12:23:02+00:00,0,0.0,0.0,233.95499999999998,0.0
2024-10-21 12:23:03+00:00,0,0.0,0.0,233.95499999999998,0.0
2024-10-21 12:23:04+00:00,0,0.0,0.0,233.95499999999998,0.0
2024-10-21 12:23:05+00:00,0,0.0,0.0,233.95499999999998,0.0
2024-10-21 12:23:06+00:00,0,0.0,0.0,233.95499999999998,0.0
2024-10-21 12:23:07+00:00,0,0.0,0.0,233.95499999999998,0.0
2024-10-21 12:23:08+00:00,0,0.0,0.0,233.95499999999998,0.0
2024-10-21 12:23:09+00:00,1417,0.0,0.0,233.975,8.548652518647337e-05
2024-10-21 12:23:10+00:00,0,0.0,0.0,233.975,0.0
2024-10-21 12:23:11+00:00,-200,0.0,0.0,233.975,0.0
2024-10-21 12:23:12+00:00,229,0.0,0.0,233.975,0.0
2024-10-21 12:23:13+00:00,-27,0.0,0.0,233.975,0.0
2024-10-21 12:23:14+00:00,200,0.0,0.0,233.975,0.0
2024-10-21 12:23:15+00:00,0,0.0,0.0,233.975,0.0
2024-10-21 12:23:16+00:00,0,0.0,0.0,233.975,0.0
2024-10-21 12:23:17+00:00,0,0.0,0.0,233.975,0.0
2024-10-21 12:23:18+00:00,0,0.0,0.0,233.975,0.0
2024-10-21 12:23:19+00:00,0,0.0,0.0,233.975,0.0
2024-10-21 12:23:20+00:00,0,0.0,0.0,233.975,0.0
2024-10-21 12:23:21+00:00,0,0.0,0.0,233.975,0.0
2024-10-21 12:23:22+00:00,0,0.0,0.0,233.975,0.0
2024-10-21 12:23:23+00:00,0,0.0,0.0,233.975,0.0
2024-10-21 12:23:24+00:00,430,0.0,0.0,233.975,0.0
2024-10-21 12:23:25+00:00,-29,0.0,0.0,233.975,0.0
2024-10-21 12:23:26+00:00,29,0.0,0.0,233.975,0.0
2024-10-21 12:23:27+00:00,0,0.0,0.0,233.975,0.0
2024-10-21 12:23:28+00:00,0,0.0,0.0,233.975,0.0
2024-10-21 12:23:29+00:00,-26,0.0,0.0,233.975,0.0
2024-10-21 12:23:30+00:00,0,0.0,0.0,233.975,0.0
2024-10-21 12:23:31+00:00,200,0.0,0.0,233.975,0.0
2024-10-21 12:23:32+00:00,0,0.0,0.0,233.975,0.0
2024-10-21 12:23:33+00:00,200,0.0,0.0,233.975,0.0
2024-10-21 12:23:34+00:00,-1,0.0,0.0,233.975,0.0
2024-10-21 12:23:35+00:00,871,0.0,0.0,233.95499999999998,-8.547921786516977e-05
2024-10-21 12:23:36+00:00,827,0.0,0.0,233.95499999999998,0.0
2024-10-21 12:23:37+00:00,-200,0.0,0.0,233.95499999999998,0.0
2024-10-21 12:23:38+00:00,0,0.0,0.0,233.95499999999998,0.0
2024-10-21 12:23:39+00:00,-3,0.0,0.0,233.95499999999998,0.0
2024-10-21 12:23:40+00:00,201,0.0,0.0,233.95499999999998,0.0
2024-10-21 12:23:41+00:00,0,0.0,0.0,233.95499999999998,0.0
2024-10-21 12:23:42+00:00,0,0.0,0.0,233.95499999999998,0.0
2024-10-21 12:23:43+00:00,0,0.0,0.0,233.95499999999998,0.0
2024-10-21 12:23:44+00:00,0,0.0,0.0,233.95499999999998,0.0
2024-10-21 12:23:45+00:00,0,0.0,0.0,233.95499999999998,0.0
2024-10-21 12:23:46+00:00,0,0.0,0.0,233.95499999999998,0.0
2024-10-21 12:23:47+00:00,0,0.0,0.0,233.95499999999998,0.0
2024-10-21 12:23:48+00:00,0,0.0,0.0,233.95499999999998,0.0
2024-10-21 12:23:49+00:00,0,0.0,0.0,233.95499999999998,0.0
2024-10-21 12:23:50+00:00,0,0.0,0.0,233.95499999999998,0.0
2024-10-21 12:23:51+00:00,0,0.0,0.0,233.95499999999998,0.0
2024-10-21 12:23:52+00:00,0,0.0,0.0,233.95499999999998,0.0
2024-10-21 12:23:53+00:00,0,0.0,0.0,233.95499999999998,0.0
2024-10-21 12:23:54+00:00,0,0.0,0.0,233.95499999999998,0.0
2024-10-21 12:23:55+00:00,0,0.0,0.0,233.95499999999998,0.0
2024-10-21 12:23:56+00:00,331,0.0,0.0,233.9,-0.00023508794426274626
2024-10-21 12:23:57+00:00,0,0.0,0.0,233.9,0.0
2024-10-21 12:23:58+00:00,0,0.0,0.0,233.9,0.0
2024-10-21 12:23:59+00:00,-372,0.0,0.0,233.9,0.0
2024-10-21 12:24:00+00:00,174,0.0,0.0,233.9,0.0
2024-10-21 12:24:01+00:00,0,0.0,0.0,233.9,0.0
2024-10-21 12:24:02+00:00,-200,0.0,0.0,233.9,0.0
2024-10-21 12:24:03+00:00,400,0.0,0.0,233.9,0.0
2024-10-21 12:24:04+00:00,0,0.0,0.0,233.9,0.0
2024-10-21 12:24:05+00:00,0,0.0,0.0,233.9,0.0
2024-10-21 12:24:06+00:00,0,0.0,0.0,233.9,0.0
2024-10-21 12:24:07+00:00,0,0.0,0.0,233.9,0.0
2024-10-21 12:24:08+00:00,0,0.0,0.0,233.9,0.0
2024-10-21 12:24:09+00:00,0,0.0,0.0,233.9,0.0
2024-10-21 12:24:10+00:00,0,0.0,0.0,233.9,0.0
2024-10-21 12:24:11+00:00,0,0.0,0.0,233.9,0.0
2024-10-21 12:24:12+00:00,-201,0.0,0.0,233.88,-8.550662676365395e-05
2024-10-21 12:24:13+00:00,1003,0.0,0.0,233.88,0.0
2024-10-21 12:24:14+00:00,0,0.0,0.0,233.88,0.0
2024-10-21 12:24:15+00:00,27,0.0,0.0,233.88,0.0
2024-10-21 12:24:16+00:00,0,0.0,0.0,233.88,0.0
2024-10-21 12:24:17+00:00,-27,0.0,0.0,233.88,0.0
2024-10-21 12:24:18+00:00,100,0.0,0.0,233.88,0.0
2024-10-21 12:24:19+00:00,0,0.0,0.0,233.88,0.0
2024-10-21 12:24:20+00:00,0,0.0,0.0,233.88,0.0
2024-10-21 12:24:21+00:00,0,0.0,0.0,233.88,0.0
2024-10-21 12:24:22+00:00,0,0.0,0.0,233.88,0.0
2024-10-21 12:24:23+00:00,0,0.0,0.0,233.88,0.0
2024-10-21 12:24:24+00:00,0,0.0,0.0,233.88,0.0
2024-10-21 12:24:25+00:00,1,0.0,0.0,233.88,0.0
2024-10-21 12:24:26+00:00,0,0.0,0.0,233.88,0.0
2024-10-21 12:24:27+00:00,0,0.0,0.0,233.88,0.0
2024-10-21 12:24:28+00:00,0,0.0,0.0,233.88,0.0
2024-10-21 12:24:29+00:00,0,0.0,0.0,233.88,0.0
2024-10-21 12:24:30+00:00,0,0.0,0.0,233.88,0.0
2024-10-21 12:24:31+00:00,0,0.0,0.0,233.88,0.0
2024-10-21 12:24:32+00:00,0,0.0,0.0,233.88,0.0
2024-10-21 12:24:33+00:00,0,0.0,0.0,233.88,0.0
2024-10-21 12:24:34+00:00,0,0.0,0.0,233.88,0.0
2024-10-21 12:24:35+00:00,0,0.0,0.0,233.88,0.0
2024-10-21 12:24:36+00:00,0,0.0,0.0,233.88,0.0
2024-10-21 12:24:37+00:00,-1,0.0,0.0,233.88,0.0
2024-10-21 12:24:38+00:00,0,0.0,0.0,233.88,0.0
2024-10-21 12:24:39+00:00,0,0.0,0.0,233.88,0.0
2024-10-21 12:24:40+00:00,27,0.0,0.0,233.9,8.551393877209712e-05
2024-10-21 12:24:41+00:00,0,0.0,0.0,233.9,0.0
2024-10-21 12:24:42+00:00,0,0.0,0.0,233.9,0.0
2024-10-21 12:24:43+00:00,-26,0.0,0.0,233.94,0.00017101325352708585
2024-10-21 12:24:44+00:00,0,0.0,0.0,233.94,0.0
2024-10-21 12:24:45+00:00,0,0.0,0.0,233.94,0.0
2024-10-21 12:24:46+00:00,0,0.0,0.0,233.94,0.0
2024-10-21 12:24:47+00:00,0,0.0,0.0,233.94,0.0
2024-10-21 12:24:48+00:00,0,0.0,0.0,233.94,0.0
2024-10-21 12:24:49+00:00,0,0.0,0.0,233.94,0.0
2024-10-21 12:24:50+00:00,0,0.0,0.0,233.94,0.0
2024-10-21 12:24:51+00:00,0,0.0,0.0,233.94,0.0
2024-10-21 12:24:52+00:00,0,0.0,0.0,233.94,0.0
2024-10-21 12:24:53+00:00,0,0.0,0.0,233.94,0.0
2024-10-21 12:24:54+00:00,0,0.0,0.0,233.94,0.0
2024-10-21 12:24:55+00:00,0,0.0,0.0,233.9,-0.00017098401299475707
2024-10-21 12:24:56+00:00,0,0.0,0.0,233.9,0.0
2024-10-21 12:24:57+00:00,0,0.0,0.0,233.9,0.0
2024-10-21 12:24:58+00:00,-200,0.0,0.0,233.875,-0.00010688328345453968
2024-10-21 12:24:59+00:00,0,0.0,0.0,233.875,0.0
2024-10-21 12:25:00+00:00,-2,0.0,0.0,233.88,2.1378941742256075e-05
2024-10-21 12:25:01+00:00,0,0.0,0.0,233.88,0.0
2024-10-21 12:25:02+00:00,0,0.0,0.0,233.88,0.0
2024-10-21 12:25:03+00:00,-7,0.0,0.0,233.88,0.0
2024-10-21 12:25:04+00:00,0,0.0,0.0,233.88,0.0
2024-10-21 12:25:05+00:00,0,0.0,0.0,233.88,0.0
2024-10-21 12:25:06+00:00,0,0.0,0.0,233.88,0.0
2024-10-21 12:25:07+00:00,-200,0.0,0.0,233.88,0.0
2024-10-21 12:25:08+00:00,107,0.0,0.0,233.89999999999998,8.551393877187508e-05
2024-10-21 12:25:09+00:00,600,0.0,0.0,233.89999999999998,0.0
2024-10-21 12:25:10+00:00,-7,0.0,0.0,233.89999999999998,0.0
2024-10-21 12:25:11+00:00,0,0.0,0.0,233.89999999999998,0.0
2024-10-21 12:25:12+00:00,0,0.0,0.0,233.89999999999998,0.0
2024-10-21 12:25:13+00:00,0,0.0,0.0,233.89999999999998,0.0
2024-10-21 12:25:14+00:00,0,0.0,0.0,233.89999999999998,0.0
2024-10-21 12:25:15+00:00,0,0.0,0.0,233.89999999999998,0.0
2024-10-21 12:25:16+00:00,200,0.0,0.0,233.89999999999998,0.0
2024-10-21 12:25:17+00:00,0,0.0,0.0,233.89999999999998,0.0
2024-10-21 12:25:18+00:00,0,0.0,0.0,233.89999999999998,0.0
2024-10-21 12:25:19+00:00,0,0.0,0.0,233.89999999999998,0.0
2024-10-21 12:25:20+00:00,0,0.0,0.0,233.89999999999998,0.0
2024-10-21 12:25:21+00:00,0,0.0,0.0,233.89999999999998,0.0
2024-10-21 12:25:22+00:00,0,0.0,0.0,233.89999999999998,0.0
2024-10-21 12:25:23+00:00,0,0.0,0.0,233.89999999999998,0.0
2024-10-21 12:25:24+00:00,0,0.0,0.0,233.89999999999998,0.0
2024-10-21 12:25:25+00:00,-400,0.0,0.0,233.89999999999998,0.0
2024-10-21 12:25:26+00:00,-400,0.0,0.0,233.89999999999998,0.0
2024-10-21 12:25:27+00:00,0,0.0,0.0,233.89999999999998,0.0
2024-10-21 12:25:28+00:00,0,0.0,0.0,233.89999999999998,0.0
2024-10-21 12:25:29+00:00,0,0.0,0.0,233.89999999999998,0.0
2024-10-21 12:25:30+00:00,0,0.0,0.0,233.89999999999998,0.0
2024-10-21 12:25:31+00:00,0,0.0,0.0,233.89999999999998,0.0
2024-10-21 12:25:32+00:00,0,0.0,0.0,233.89999999999998,0.0
2024-10-21 12:25:33+00:00,0,0.0,0.0,233.89999999999998,0.0
2024-10-21 12:25:34+00:00,0,0.0,0.0,233.89999999999998,0.0
2024-10-21 12:25:35+00:00,0,0.0,0.0,233.89999999999998,0.0
2024-10-21 12:25:36+00:00,0,0.0,0.0,233.89999999999998,0.0
2024-10-21 12:25:37+00:00,7,0.0,0.0,233.89999999999998,0.0
2024-10-21 12:25:38+00:00,0,0.0,0.0,233.89999999999998,0.0
2024-10-21 12:25:39+00:00,-7,0.0,0.0,233.89999999999998,0.0
2024-10-21 12:25:40+00:00,0,0.0,0.0,233.89999999999998,0.0
2024-10-21 12:25:41+00:00,0,0.0,0.0,233.89999999999998,0.0
2024-10-21 12:25:42+00:00,0,0.0,0.0,233.89999999999998,0.0
2024-10-21 12:25:43+00:00,200,0.0,0.0,233.89999999999998,0.0
2024-10-21 12:25:44+00:00,0,0.0,0.0,233.89999999999998,0.0
2024-10-21 12:25:45+00:00,200,0.0,0.0,233.89999999999998,0.0
2024-10-21 12:25:46+00:00,0,0.0,0.0,233.89999999999998,0.0
2024-10-21 12:25:47+00:00,0,0.0,0.0,233.89999999999998,0.0
2024-10-21 12:25:48+00:00,0,0.0,0.0,233.89999999999998,0.0
2024-10-21 12:25:49+00:00,0,0.0,0.0,233.89999999999998,0.0
2024-10-21 12:25:50+00:00,0,0.0,0.0,233.89999999999998,0.0
2024-10-21 12:25:51+00:00,0,0.0,0.0,233.89999999999998,0.0
2024-10-21 12:25:52+00:00,0,0.0,0.0,233.89999999999998,0.0
2024-10-21 12:25:53+00:00,0,0.0,0.0,233.89999999999998,0.0
2024-10-21 12:25:54+00:00,1,0.0,0.0,233.89999999999998,0.0
2024-10-21 12:25:55+00:00,0,0.0,0.0,233.89999999999998,0.0
2024-10-21 12:25:56+00:00,0,0.0,0.0,233.89999999999998,0.0
2024-10-21 12:25:57+00:00,0,0.0,0.0,233.89999999999998,0.0
2024-10-21 12:25:58+00:00,0,0.0,0.0,233.89999999999998,0.0
2024-10-21 12:25:59+00:00,0,0.0,0.0,233.89999999999998,0.0
2024-10-21 12:26:00+00:00,7,0.0,0.0,233.89999999999998,0.0
2024-10-21 12:26:01+00:00,200,0.0,0.0,233.89999999999998,0.0
2024-10-21 12:26:02+00:00,193,0.0,0.0,233.89999999999998,0.0
2024-10-21 12:26:03+00:00,0,0.0,0.0,233.89999999999998,0.0
2024-10-21 12:26:04+00:00,0,0.0,0.0,233.89999999999998,0.0
2024-10-21 12:26:05+00:00,300,0.0,0.0,233.905,2.1376656690996754e-05
2024-10-21 12:26:06+00:00,0,0.0,0.0,233.905,0.0
2024-10-21 12:26:07+00:00,0,0.0,0.0,233.905,0.0
2024-10-21 12:26:08+00:00,200,0.0,0.0,233.905,0.0
2024-10-21 12:26:09+00:00,-100,0.0,0.0,233.905,0.0
2024-10-21 12:26:10+00:00,0,0.0,0.0,233.905,0.0
2024-10-21 12:26:11+00:00,-200,0.0,0.0,233.905,0.0
2024-10-21 12:26:12+00:00,0,0.0,0.0,233.905,0.0
2024-10-21 12:26:13+00:00,200,0.0,0.0,233.905,0.0
2024-10-21 12:26:14+00:00,0,0.0,0.0,233.905,0.0
2024-10-21 12:26:15+00:00,0,0.0,0.0,233.905,0.0
2024-10-21 12:26:16+00:00,0,0.0,0.0,233.905,0.0
2024-10-21 12:26:17+00:00,0,0.0,0.0,233.905,0.0
2024-10-21 12:26:18+00:00,0,0.0,0.0,233.905,0.0
2024-10-21 12:26:19+00:00,0,0.0,0.0,233.905,0.0
2024-10-21 12:26:20+00:00,-15,0.0,0.0,233.905,0.0
2024-10-21 12:26:21+00:00,0,0.0,0.0,233.905,0.0
2024-10-21 12:26:22+00:00,7,0.0,0.0,233.905,0.0
2024-10-21 12:26:23+00:00,0,0.0,0.0,233.905,0.0
2024-10-21 12:26:24+00:00,-7,0.0,0.0,233.905,0.0
2024-10-21 12:26:25+00:00,0,0.0,0.0,233.905,0.0
2024-10-21 12:26:26+00:00,0,0.0,0.0,233.905,0.0
2024-10-21 12:26:27+00:00,0,0.0,0.0,233.905,0.0
2024-10-21 12:26:28+00:00,0,0.0,0.0,233.905,0.0
2024-10-21 12:26:29+00:00,0,0.0,0.0,233.905,0.0
2024-10-21 12:26:30+00:00,0,0.0,0.0,233.905,0.0
2024-10-21 12:26:31+00:00,7,0.0,0.0,233.905,0.0
2024-10-21 12:26:32+00:00,0,0.0,0.0,233.905,0.0
2024-10-21 12:26:33+00:00,193,0.0,0.0,233.905,0.0
2024-10-21 12:26:34+00:00,0,0.0,0.0,233.905,0.0
2024-10-21 12:26:35+00:00,0,0.0,0.0,233.905,0.0
2024-10-21 12:26:36+00:00,0,0.0,0.0,233.905,0.0
2024-10-21 12:26:37+00:00,0,0.0,0.0,233.905,0.0
2024-10-21 12:26:38+00:00,0,0.0,0.0,233.905,0.0
2024-10-21 12:26:39+00:00,0,0.0,0.0,233.905,0.0
2024-10-21 12:26:40+00:00,-200,0.0,0.0,233.905,0.0
2024-10-21 12:26:41+00:00,0,0.0,0.0,233.905,0.0
2024-10-21 12:26:42+00:00,7,0.0,0.0,233.905,0.0
2024-10-21 12:26:43+00:00,423,0.0,0.0,233.905,0.0
2024-10-21 12:26:44+00:00,-7,0.0,0.0,233.905,0.0
2024-10-21 12:26:45+00:00,0,0.0,0.0,233.905,0.0
2024-10-21 12:26:46+00:00,0,0.0,0.0,233.905,0.0
2024-10-21 12:26:47+00:00,200,0.0,0.0,233.905,0.0
2024-10-21 12:26:48+00:00,0,0.0,0.0,233.905,0.0
2024-10-21 12:26:49+00:00,0,0.0,0.0,233.905,0.0
2024-10-21 12:26:50+00:00,0,0.0,0.0,233.905,0.0
2024-10-21 12:26:51+00:00,0,0.0,0.0,233.905,0.0
2024-10-21 12:26:52+00:00,0,0.0,0.0,233.905,0.0
2024-10-21 12:26:53+00:00,400,0.0,0.0,233.905,0.0
2024-10-21 12:26:54+00:00,0,0.0,0.0,233.905,0.0
2024-10-21 12:26:55+00:00,0,0.0,0.0,233.905,0.0
2024-10-21 12:26:56+00:00,0,0.0,0.0,233.905,0.0
2024-10-21 12:26:57+00:00,0,0.0,0.0,233.905,0.0
2024-10-21 12:26:58+00:00,0,0.0,0.0,233.905,0.0
2024-10-21 12:26:59+00:00,0,0.0,0.0,233.905,0.0
2024-10-21 12:27:00+00:00,0,0.0,0.0,233.905,0.0
2024-10-21 12:27:01+00:00,0,0.0,0.0,233.905,0.0
2024-10-21 12:27:02+00:00,0,0.0,0.0,233.905,0.0
2024-10-21 12:27:03+00:00,0,0.0,0.0,233.905,0.0
2024-10-21 12:27:04+00:00,200,0.0,0.0,233.905,0.0
2024-10-21 12:27:05+00:00,0,0.0,0.0,233.905,0.0
2024-10-21 12:27:06+00:00,0,0.0,0.0,233.905,0.0
2024-10-21 12:27:07+00:00,0,0.0,0.0,233.905,0.0
2024-10-21 12:27:08+00:00,100,0.0,0.0,233.905,0.0
2024-10-21 12:27:09+00:00,0,0.0,0.0,233.905,0.0
2024-10-21 12:27:10+00:00,0,0.0,0.0,233.905,0.0
2024-10-21 12:27:11+00:00,0,0.0,0.0,233.905,0.0
2024-10-21 12:27:12+00:00,0,0.0,0.0,233.905,0.0
2024-10-21 12:27:13+00:00,0,0.0,0.0,233.905,0.0
2024-10-21 12:27:14+00:00,0,0.0,0.0,233.905,0.0
2024-10-21 12:27:15+00:00,7,0.0,0.0,233.905,0.0
2024-10-21 12:27:16+00:00,121,0.0,0.0,233.925,8.550479895697016e-05
2024-10-21 12:27:17+00:00,-7,0.0,0.0,233.92000000000002,-2.1374372127791474e-05
2024-10-21 12:27:18+00:00,0,0.0,0.0,233.92000000000002,0.0
2024-10-21 12:27:19+00:00,0,0.0,0.0,233.92000000000002,0.0
2024-10-21 12:27:20+00:00,0,0.0,0.0,233.92000000000002,0.0
2024-10-21 12:27:21+00:00,200,0.0,0.0,233.92000000000002,0.0
2024-10-21 12:27:22+00:00,7,0.0,0.0,233.925,2.1374829001441498e-05
2024-10-21 12:27:23+00:00,-200,0.0,0.0,233.925,0.0
2024-10-21 12:27:24+00:00,-7,0.0,0.0,233.925,0.0
2024-10-21 12:27:25+00:00,200,0.0,0.0,233.925,0.0
2024-10-21 12:27:26+00:00,200,0.0,0.0,233.925,0.0
2024-10-21 12:27:27+00:00,0,0.0,0.0,233.925,0.0
2024-10-21 12:27:28+00:00,7,0.0,0.0,233.925,0.0
2024-10-21 12:27:29+00:00,-200,0.0,0.0,233.93,2.1374372127791474e-05
2024-10-21 12:27:30+00:00,-7,0.0,0.0,233.93,0.0
2024-10-21 12:27:31+00:00,0,0.0,0.0,233.93,0.0
2024-10-21 12:27:32+00:00,0,0.0,0.0,233.93,0.0
2024-10-21 12:27:33+00:00,0,0.0,0.0,233.93,0.0
2024-10-21 12:27:34+00:00,0,0.0,0.0,233.93,0.0
2024-10-21 12:27:35+00:00,0,0.0,0.0,233.93,0.0
2024-10-21 12:27:36+00:00,0,0.0,0.0,233.93,0.0
2024-10-21 12:27:37+00:00,0,0.0,0.0,233.93,0.0
2024-10-21 12:27:38+00:00,0,0.0,0.0,233.93,0.0
2024-10-21 12:27:39+00:00,7,0.0,0.0,233.93,0.0
2024-10-21 12:27:40+00:00,-200,0.0,0.0,233.93,0.0
2024-10-21 12:27:41+00:00,-207,0.0,0.0,233.93,0.0
2024-10-21 12:27:42+00:00,0,0.0,0.0,233.93,0.0
2024-10-21 12:27:43+00:00,0,0.0,0.0,233.93,0.0
2024-10-21 12:27:44+00:00,0,0.0,0.0,233.93,0.0
2024-10-21 12:27:45+00:00,0,0.0,0.0,233.93,0.0
2024-10-21 12:27:46+00:00,0,0.0,0.0,233.93,0.0
2024-10-21 12:27:47+00:00,400,0.0,0.0,233.93,0.0
2024-10-21 12:27:48+00:00,0,0.0,0.0,233.93,0.0
2024-10-21 12:27:49+00:00,0,0.0,0.0,233.93,0.0
2024-10-21 12:27:50+00:00,7,0.0,0.0,233.93,0.0
2024-10-21 12:27:51+00:00,-200,0.0,0.0,233.93,0.0
2024-10-21 12:27:52+00:00,-7,0.0,0.0,233.93,0.0
2024-10-21 12:27:53+00:00,200,0.0,0.0,233.93,0.0
2024-10-21 12:27:54+00:00,0,0.0,0.0,233.93,0.0
2024-10-21 12:27:55+00:00,200,0.0,0.0,233.93,0.0
2024-10-21 12:27:56+00:00,0,0.0,0.0,233.93,0.0
2024-10-21 12:27:57+00:00,7,0.0,0.0,233.93,0.0
2024-10-21 12:27:58+00:00,0,0.0,0.0,233.93,0.0
2024-10-21 12:27:59+00:00,-7,0.0,0.0,233.93,0.0
2024-10-21 12:28:00+00:00,0,0.0,0.0,233.93,0.0
2024-10-21 12:28:01+00:00,0,0.0,0.0,233.93,0.0
2024-10-21 12:28:02+00:00,0,0.0,0.0,233.93,0.0
2024-10-21 12:28:03+00:00,0,0.0,0.0,233.93,0.0
2024-10-21 12:28:04+00:00,0,0.0,0.0,233.93,0.0
2024-10-21 12:28:05+00:00,0,0.0,0.0,233.93,0.0
2024-10-21 12:28:06+00:00,0,0.0,0.0,233.93,0.0
2024-10-21 12:28:07+00:00,0,0.0,0.0,233.93,0.0
2024-10-21 12:28:08+00:00,0,0.0,0.0,233.93,0.0
2024-10-21 12:28:09+00:00,0,0.0,0.0,233.93,0.0
2024-10-21 12:28:10+00:00,0,0.0,0.0,233.93,0.0
2024-10-21 12:28:11+00:00,0,0.0,0.0,233.93,0.0
2024-10-21 12:28:12+00:00,0,0.0,0.0,233.93,0.0
2024-10-21 12:28:13+00:00,-93,0.0,0.0,233.93,0.0
2024-10-21 12:28:14+00:00,0,0.0,0.0,233.93,0.0
2024-10-21 12:28:15+00:00,-207,0.0,0.0,233.93,0.0
2024-10-21 12:28:16+00:00,0,0.0,0.0,233.93,0.0
2024-10-21 12:28:17+00:00,0,0.0,0.0,233.93,0.0
2024-10-21 12:28:18+00:00,600,0.0,0.0,233.93,0.0
2024-10-21 12:28:19+00:00,0,0.0,0.0,233.93,0.0
2024-10-21 12:28:20+00:00,0,0.0,0.0,233.93,0.0
2024-10-21 12:28:21+00:00,200,0.0,0.0,233.93,0.0
2024-10-21 12:28:22+00:00,0,0.0,0.0,233.93,0.0
2024-10-21 12:28:23+00:00,0,0.0,0.0,233.93,0.0
2024-10-21 12:28:24+00:00,0,0.0,0.0,233.93,0.0
2024-10-21 12:28:25+00:00,0,0.0,0.0,233.93,0.0
2024-10-21 12:28:26+00:00,0,0.0,0.0,233.93,0.0
2024-10-21 12:28:27+00:00,0,0.0,0.0,233.93,0.0
2024-10-21 12:28:28+00:00,0,0.0,0.0,233.93,0.0
2024-10-21 12:28:29+00:00,0,0.0,0.0,233.93,0.0
2024-10-21 12:28:30+00:00,0,0.0,0.0,233.93,0.0
2024-10-21 12:28:31+00:00,0,0.0,0.0,233.93,0.0
2024-10-21 12:28:32+00:00,200,0.0,0.0,233.93,0.0
2024-10-21 12:28:33+00:00,0,0.0,0.0,233.93,0.0
2024-10-21 12:28:34+00:00,0,0.0,0.0,233.93,0.0
2024-10-21 12:28:35+00:00,-200,0.0,0.0,233.93,0.0
2024-10-21 12:28:36+00:00,0,0.0,0.0,233.93,0.0
2024-10-21 12:28:37+00:00,0,0.0,0.0,233.93,0.0
2024-10-21 12:28:38+00:00,0,0.0,0.0,233.93,0.0
2024-10-21 12:28:39+00:00,0,0.0,0.0,233.93,0.0
2024-10-21 12:28:40+00:00,0,0.0,0.0,233.93,0.0
2024-10-21 12:28:41+00:00,0,0.0,0.0,233.93,0.0
2024-10-21 12:28:42+00:00,0,0.0,0.0,233.93,0.0
2024-10-21 12:28:43+00:00,0,0.0,0.0,233.93,0.0
2024-10-21 12:28:44+00:00,0,0.0,0.0,233.93,0.0
2024-10-21 12:28:45+00:00,200,0.0,0.0,233.93,0.0
2024-10-21 12:28:46+00:00,0,0.0,0.0,233.93,0.0
2024-10-21 12:28:47+00:00,0,0.0,0.0,233.93,0.0
2024-10-21 12:28:48+00:00,200,0.0,0.0,233.93,0.0
2024-10-21 12:28:49+00:00,0,0.0,0.0,233.93,0.0
2024-10-21 12:28:50+00:00,0,0.0,0.0,233.93,0.0
2024-10-21 12:28:51+00:00,0,0.0,0.0,233.93,0.0
2024-10-21 12:28:52+00:00,0,0.0,0.0,233.93,0.0
2024-10-21 12:28:53+00:00,0,0.0,0.0,233.93,0.0
2024-10-21 12:28:54+00:00,0,0.0,0.0,233.93,0.0
2024-10-21 12:28:55+00:00,517,0.0,0.0,233.93,0.0
2024-10-21 12:28:56+00:00,-400,0.0,0.0,233.93,0.0
2024-10-21 12:28:57+00:00,-407,0.0,0.0,233.93,0.0
2024-10-21 12:28:58+00:00,0,0.0,0.0,233.925,-2.13739152737924e-05
2024-10-21 12:28:59+00:00,0,0.0,0.0,233.925,0.0
2024-10-21 12:29:00+00:00,0,0.0,0.0,233.925,0.0
2024-10-21 12:29:01+00:00,1165,0.0,0.0,233.925,0.0
2024-10-21 12:29:02+00:00,0,0.0,0.0,233.925,0.0
2024-10-21 12:29:03+00:00,0,0.0,0.0,233.925,0.0
2024-10-21 12:29:04+00:00,600,0.0,0.0,233.925,0.0
2024-10-21 12:29:05+00:00,0,0.0,0.0,233.925,0.0
2024-10-21 12:29:06+00:00,0,0.0,0.0,233.925,0.0
2024-10-21 12:29:07+00:00,7,0.0,0.0,233.925,0.0
2024-10-21 12:29:08+00:00,400,0.0,0.0,233.93,2.1374372127791474e-05
2024-10-21 12:29:09+00:00,110,0.0,0.0,233.91500000000002,-6.41217458213772e-05
2024-10-21 12:29:10+00:00,0,0.0,0.0,233.91500000000002,0.0
2024-10-21 12:29:11+00:00,200,0.0,0.0,233.91500000000002,0.0
2024-10-21 12:29:12+00:00,0,0.0,0.0,233.91500000000002,0.0
2024-10-21 12:29:13+00:00,0,0.0,0.0,233.91500000000002,0.0
2024-10-21 12:29:14+00:00,7,0.0,0.0,233.93,6.41258576832282e-05
2024-10-21 12:29:15+00:00,0,0.0,0.0,233.93,0.0
2024-10-21 12:29:16+00:00,-7,0.0,0.0,233.93,0.0
2024-10-21 12:29:17+00:00,0,0.0,0.0,233.93,0.0
2024-10-21 12:29:18+00:00,0,0.0,0.0,233.93,0.0
2024-10-21 12:29:19+00:00,0,0.0,0.0,233.93,0.0
2024-10-21 12:29:20+00:00,0,0.0,0.0,233.93,0.0
2024-10-21 12:29:21+00:00,0,0.0,0.0,233.93,0.0
2024-10-21 12:29:22+00:00,0,0.0,0.0,233.93,0.0
2024-10-21 12:29:23+00:00,0,0.0,0.0,233.93,0.0
2024-10-21 12:29:24+00:00,0,0.0,0.0,233.93,0.0
2024-10-21 12:29:25+00:00,0,0.0,0.0,233.93,0.0
2024-10-21 12:29:26+00:00,0,0.0,0.0,233.93,0.0
2024-10-21 12:29:27+00:00,0,0.0,0.0,233.93,0.0
2024-10-21 12:29:28+00:00,0,0.0,0.0,233.93,0.0
2024-10-21 12:29:29+00:00,0,0.0,0.0,233.93,0.0
2024-10-21 12:29:30+00:00,0,0.0,0.0,233.93,0.0
2024-10-21 12:29:31+00:00,0,0.0,0.0,233.93,0.0
2024-10-21 12:29:32+00:00,0,0.0,0.0,233.93,0.0
2024-10-21 12:29:33+00:00,0,0.0,0.0,233.93,0.0
2024-10-21 12:29:34+00:00,0,0.0,0.0,233.93,0.0
2024-10-21 12:29:35+00:00,0,0.0,0.0,233.93,0.0
2024-10-21 12:29:36+00:00,0,0.0,0.0,233.93,0.0
2024-10-21 12:29:37+00:00,0,0.0,0.0,233.93,0.0
2024-10-21 12:29:38+00:00,0,0.0,0.0,233.93,0.0
2024-10-21 12:29:39+00:00,0,0.0,0.0,233.93,0.0
2024-10-21 12:29:40+00:00,0,0.0,0.0,233.93,0.0
2024-10-21 12:29:41+00:00,0,0.0,0.0,233.93,0.0
2024-10-21 12:29:42+00:00,0,0.0,0.0,233.93,0.0
2024-10-21 12:29:43+00:00,0,0.0,0.0,233.93,0.0
2024-10-21 12:29:44+00:00,0,0.0,0.0,233.93,0.0
2024-10-21 12:29:45+00:00,0,0.0,0.0,233.93,0.0
2024-10-21 12:29:46+00:00,0,0.0,0.0,233.93,0.0
2024-10-21 12:29:47+00:00,0,0.0,0.0,233.93,0.0
2024-10-21 12:29:48+00:00,0,0.0,0.0,233.93,0.0
2024-10-21 12:29:49+00:00,407,0.0,0.0,233.905,-0.00010686957636907302
2024-10-21 12:29:50+00:00,0,0.0,0.0,233.905,0.0
2024-10-21 12:29:51+00:00,-7,0.0,0.0,233.89,-6.412859921767211e-05
2024-10-21 12:29:52+00:00,0,0.0,0.0,233.89,0.0
2024-10-21 12:29:53+00:00,0,0.0,0.0,233.89,0.0
2024-10-21 12:29:54+00:00,-400,0.0,0.0,233.89,0.0
2024-10-21 12:29:55+00:00,-200,0.0,0.0,233.885,-2.137757065290291e-05
2024-10-21 12:29:56+00:00,0,0.0,0.0,233.885,0.0
2024-10-21 12:29:57+00:00,0,0.0,0.0,233.885,0.0
2024-10-21 12:29:58+00:00,0,0.0,0.0,233.885,0.0
2024-10-21 12:29:59+00:00,0,0.0,0.0,233.885,0.0
2024-10-21 12:30:00+00:00,0,0.0,0.0,233.885,0.0
2024-10-21 12:30:01+00:00,0,0.0,0.0,233.885,0.0
2024-10-21 12:30:02+00:00,0,0.0,0.0,233.885,0.0
2024-10-21 12:30:03+00:00,0,0.0,0.0,233.885,0.0
2024-10-21 12:30:04+00:00,0,0.0,0.0,233.885,0.0
2024-10-21 12:30:05+00:00,0,0.0,0.0,233.885,0.0
2024-10-21 12:30:06+00:00,0,0.0,0.0,233.885,0.0
2024-10-21 12:30:07+00:00,0,0.0,0.0,233.885,0.0
2024-10-21 12:30:08+00:00,0,0.0,0.0,233.885,0.0
2024-10-21 12:30:09+00:00,200,0.0,0.0,233.885,0.0
2024-10-21 12:30:10+00:00,113,0.0,0.0,233.805,-0.00034204844261065404
2024-10-21 12:30:11+00:00,-200,0.0,0.0,233.805,0.0
2024-10-21 12:30:12+00:00,-7,0.0,0.0,233.805,0.0
2024-10-21 12:30:13+00:00,400,0.0,0.0,233.805,0.0
2024-10-21 12:30:14+00:00,0,0.0,0.0,233.805,0.0
2024-10-21 12:30:15+00:00,0,0.0,0.0,233.805,0.0
2024-10-21 12:30:16+00:00,0,0.0,0.0,233.805,0.0
2024-10-21 12:30:17+00:00,0,0.0,0.0,233.805,0.0
2024-10-21 12:30:18+00:00,0,0.0,0.0,233.805,0.0
2024-10-21 12:30:19+00:00,0,0.0,0.0,233.805,0.0
2024-10-21 12:30:20+00:00,0,0.0,0.0,233.805,0.0
2024-10-21 12:30:21+00:00,0,0.0,0.0,233.805,0.0
2024-10-21 12:30:22+00:00,0,0.0,0.0,233.805,0.0
2024-10-21 12:30:23+00:00,0,0.0,0.0,233.805,0.0
2024-10-21 12:30:24+00:00,0,0.0,0.0,233.805,0.0
2024-10-21 12:30:25+00:00,0,0.0,0.0,233.805,0.0
2024-10-21 12:30:26+00:00,0,0.0,0.0,233.805,0.0
2024-10-21 12:30:27+00:00,0,0.0,0.0,233.805,0.0
2024-10-21 12:30:28+00:00,0,0.0,0.0,233.805,0.0
2024-10-21 12:30:29+00:00,0,0.0,0.0,233.805,0.0
2024-10-21 12:30:30+00:00,0,0.0,0.0,233.805,0.0
2024-10-21 12:30:31+00:00,0,0.0,0.0,233.805,0.0
2024-10-21 12:30:32+00:00,0,0.0,0.0,233.805,0.0
2024-10-21 12:30:33+00:00,400,0.0,0.0,233.805,0.0
2024-10-21 12:30:34+00:00,200,0.0,0.0,233.805,0.0
2024-10-21 12:30:35+00:00,7,0.0,0.0,233.805,0.0
2024-10-21 12:30:36+00:00,200,0.0,0.0,233.805,0.0
2024-10-21 12:30:37+00:00,193,0.0,0.0,233.805,0.0
2024-10-21 12:30:38+00:00,0,0.0,0.0,233.805,0.0
2024-10-21 12:30:39+00:00,0,0.0,0.0,233.805,0.0
2024-10-21 12:30:40+00:00,-200,0.0,0.0,233.805,0.0
2024-10-21 12:30:41+00:00,-200,0.0,0.0,233.805,0.0
2024-10-21 12:30:42+00:00,200,0.0,0.0,233.805,0.0
2024-10-21 12:30:43+00:00,200,0.0,0.0,233.805,0.0
2024-10-21 12:30:44+00:00,0,0.0,0.0,233.805,0.0
2024-10-21 12:30:45+00:00,0,0.0,0.0,233.805,0.0
2024-10-21 12:30:46+00:00,0,0.0,0.0,233.805,0.0
2024-10-21 12:30:47+00:00,0,0.0,0.0,233.805,0.0
2024-10-21 12:30:48+00:00,0,0.0,0.0,233.805,0.0
2024-10-21 12:30:49+00:00,0,0.0,0.0,233.805,0.0
2024-10-21 12:30:50+00:00,0,0.0,0.0,233.805,0.0
2024-10-21 12:30:51+00:00,-193,0.0,0.0,233.8,-2.138534248619095e-05
2024-10-21 12:30:52+00:00,0,0.0,0.0,233.8,0.0
2024-10-21 12:30:53+00:00,-207,0.0,0.0,233.795,-2.1385799829021224e-05
2024-10-21 12:30:54+00:00,400,0.0,0.0,233.795,0.0
2024-10-21 12:30:55+00:00,0,0.0,0.0,233.795,0.0
2024-10-21 12:30:56+00:00,0,0.0,0.0,233.795,0.0
2024-10-21 12:30:57+00:00,-200,0.0,0.0,233.795,0.0
2024-10-21 12:30:58+00:00,0,0.0,0.0,233.795,0.0
2024-10-21 12:30:59+00:00,-200,0.0,0.0,233.795,0.0
2024-10-21 12:31:00+00:00,-793,0.0,0.0,233.82,0.00010693128595562484
2024-10-21 12:31:01+00:00,-390,0.0,0.0,233.82999999999998,4.276794115121163e-05
2024-10-21 12:31:02+00:00,-7,0.0,0.0,233.825,-2.1383056066359707e-05
2024-10-21 12:31:03+00:00,400,0.0,0.0,233.825,0.0
2024-10-21 12:31:04+00:00,0,0.0,0.0,233.825,0.0
2024-10-21 12:31:05+00:00,-400,0.0,0.0,233.825,0.0
2024-10-21 12:31:06+00:00,0,0.0,0.0,233.825,0.0
2024-10-21 12:31:07+00:00,0,0.0,0.0,233.825,0.0
2024-10-21 12:31:08+00:00,0,0.0,0.0,233.825,0.0
2024-10-21 12:31:09+00:00,0,0.0,0.0,233.825,0.0
2024-10-21 12:31:10+00:00,207,0.0,0.0,233.815,-4.27670266224256e-05
2024-10-21 12:31:11+00:00,0,0.0,0.0,233.815,0.0
2024-10-21 12:31:12+00:00,993,0.0,0.0,233.795,-8.553771143859912e-05
2024-10-21 12:31:13+00:00,200,0.0,0.0,233.795,0.0
2024-10-21 12:31:14+00:00,0,0.0,0.0,233.795,0.0
2024-10-21 12:31:15+00:00,0,0.0,0.0,233.795,0.0
2024-10-21 12:31:16+00:00,-10,0.0,0.0,233.78,-6.415877157328609e-05
2024-10-21 12:31:17+00:00,0,0.0,0.0,233.78,0.0
2024-10-21 12:31:18+00:00,400,0.0,0.0,233.78,0.0
2024-10-21 12:31:19+00:00,-10,0.0,0.0,233.78,0.0
2024-10-21 12:31:20+00:00,7,0.0,0.0,233.78,0.0
2024-10-21 12:31:21+00:00,0,0.0,0.0,233.78,0.0
2024-10-21 12:31:22+00:00,-7,0.0,0.0,233.78,0.0
2024-10-21 12:31:23+00:00,0,0.0,0.0,233.78,0.0
2024-10-21 12:31:24+00:00,0,0.0,0.0,233.78,0.0
2024-10-21 12:31:25+00:00,0,0.0,0.0,233.78,0.0
2024-10-21 12:31:26+00:00,0,0.0,0.0,233.78,0.0
2024-10-21 12:31:27+00:00,-200,0.0,0.0,233.78,0.0
2024-10-21 12:31:28+00:00,0,0.0,0.0,233.78,0.0
2024-10-21 12:31:29+00:00,0,0.0,0.0,233.78,0.0
2024-10-21 12:31:30+00:00,0,0.0,0.0,233.78,0.0
2024-10-21 12:31:31+00:00,0,0.0,0.0,233.78,0.0
2024-10-21 12:31:32+00:00,0,0.0,0.0,233.78,0.0
2024-10-21 12:31:33+00:00,-400,0.0,0.0,233.78,0.0
2024-10-21 12:31:34+00:00,0,0.0,0.0,233.78,0.0
2024-10-21 12:31:35+00:00,0,0.0,0.0,233.78,0.0
2024-10-21 12:31:36+00:00,7,0.0,0.0,233.78,0.0
2024-10-21 12:31:37+00:00,0,0.0,0.0,233.78,0.0
2024-10-21 12:31:38+00:00,-207,0.0,0.0,233.78,0.0
2024-10-21 12:31:39+00:00,0,0.0,0.0,233.78,0.0
2024-10-21 12:31:40+00:00,400,0.0,0.0,233.78,0.0
2024-10-21 12:31:41+00:00,200,0.0,0.0,233.78,0.0
2024-10-21 12:31:42+00:00,0,0.0,0.0,233.78,0.0
2024-10-21 12:31:43+00:00,0,0.0,0.0,233.78,0.0
2024-10-21 12:31:44+00:00,0,0.0,0.0,233.78,0.0
2024-10-21 12:31:45+00:00,200,0.0,0.0,233.78,0.0
2024-10-21 12:31:46+00:00,0,0.0,0.0,233.78,0.0
2024-10-21 12:31:47+00:00,0,0.0,0.0,233.78,0.0
2024-10-21 12:31:48+00:00,200,0.0,0.0,233.78,0.0
2024-10-21 12:31:49+00:00,7,0.0,0.0,233.78,0.0
2024-10-21 12:31:50+00:00,0,0.0,0.0,233.78,0.0
2024-10-21 12:31:51+00:00,-7,0.0,0.0,233.78,0.0
2024-10-21 12:31:52+00:00,-200,0.0,0.0,233.78,0.0
2024-10-21 12:31:53+00:00,0,0.0,0.0,233.78,0.0
2024-10-21 12:31:54+00:00,0,0.0,0.0,233.78,0.0
2024-10-21 12:31:55+00:00,7,0.0,0.0,233.78,0.0
2024-10-21 12:31:56+00:00,0,0.0,0.0,233.78,0.0
2024-10-21 12:31:57+00:00,0,0.0,0.0,233.78,0.0
2024-10-21 12:31:58+00:00,0,0.0,0.0,233.78,0.0
2024-10-21 12:31:59+00:00,0,0.0,0.0,233.78,0.0
2024-10-21 12:32:00+00:00,0,0.0,0.0,233.78,0.0
2024-10-21 12:32:01+00:00,0,0.0,0.0,233.78,0.0
2024-10-21 12:32:02+00:00,0,0.0,0.0,233.78,0.0
2024-10-21 12:32:03+00:00,0,0.0,0.0,233.78,0.0
2024-10-21 12:32:04+00:00,7,0.0,0.0,233.78,0.0
2024-10-21 12:32:05+00:00,240,0.0,0.0,233.83,0.00021387629395164254
2024-10-21 12:32:06+00:00,-7,0.0,0.0,233.83,0.0
2024-10-21 12:32:07+00:00,200,0.0,0.0,233.83,0.0
2024-10-21 12:32:08+00:00,200,0.0,0.0,233.83,0.0
2024-10-21 12:32:09+00:00,0,0.0,0.0,233.83,0.0
2024-10-21 12:32:10+00:00,0,0.0,0.0,233.83,0.0
2024-10-21 12:32:11+00:00,10,0.0,0.0,233.83,0.0
2024-10-21 12:32:12+00:00,0,0.0,0.0,233.83,0.0
2024-10-21 12:32:13+00:00,0,0.0,0.0,233.83,0.0
2024-10-21 12:32:14+00:00,0,0.0,0.0,233.81,-8.553222426554985e-05
2024-10-21 12:32:15+00:00,0,0.0,0.0,233.81,0.0
2024-10-21 12:32:16+00:00,0,0.0,0.0,233.81,0.0
2024-10-21 12:32:17+00:00,0,0.0,0.0,233.81,0.0
2024-10-21 12:32:18+00:00,7,0.0,0.0,233.76,-0.00021384885163167056
2024-10-21 12:32:19+00:00,0,0.0,0.0,233.76,0.0
2024-10-21 12:32:20+00:00,-7,0.0,0.0,233.76,0.0
2024-10-21 12:32:21+00:00,0,0.0,0.0,233.76,0.0
2024-10-21 12:32:22+00:00,0,0.0,0.0,233.76,0.0
2024-10-21 12:32:23+00:00,-200,0.0,0.0,233.76,0.0
2024-10-21 12:32:24+00:00,0,0.0,0.0,233.76,0.0
2024-10-21 12:32:25+00:00,0,0.0,0.0,233.76,0.0
2024-10-21 12:32:26+00:00,0,0.0,0.0,233.76,0.0
2024-10-21 12:32:27+00:00,-200,0.0,0.0,233.76,0.0
2024-10-21 12:32:28+00:00,0,0.0,0.0,233.76,0.0
2024-10-21 12:32:29+00:00,0,0.0,0.0,233.76,0.0
2024-10-21 12:32:30+00:00,0,0.0,0.0,233.76,0.0
2024-10-21 12:32:31+00:00,0,0.0,0.0,233.76,0.0
2024-10-21 12:32:32+00:00,0,0.0,0.0,233.76,0.0
2024-10-21 12:32:33+00:00,0,0.0,0.0,233.76,0.0
2024-10-21 12:32:34+00:00,0,0.0,0.0,233.76,0.0
2024-10-21 12:32:35+00:00,200,0.0,0.0,233.805,0.00019250513347035536
2024-10-21 12:32:36+00:00,0,0.0,0.0,233.805,0.0
2024-10-21 12:32:37+00:00,200,0.0,0.0,233.805,0.0
2024-10-21 12:32:38+00:00,-400,0.0,0.0,233.8,-2.138534248619095e-05
2024-10-21 12:32:39+00:00,0,0.0,0.0,233.8,0.0
2024-10-21 12:32:40+00:00,0,0.0,0.0,233.8,0.0
2024-10-21 12:32:41+00:00,0,0.0,0.0,233.8,0.0
2024-10-21 12:32:42+00:00,0,0.0,0.0,233.8,0.0
2024-10-21 12:32:43+00:00,0,0.0,0.0,233.8,0.0
2024-10-21 12:32:44+00:00,0,0.0,0.0,233.8,0.0
2024-10-21 12:32:45+00:00,0,0.0,0.0,233.8,0.0
2024-10-21 12:32:46+00:00,0,0.0,0.0,233.8,0.0
2024-10-21 12:32:47+00:00,0,0.0,0.0,233.8,0.0
2024-10-21 12:32:48+00:00,-400,0.0,0.0,233.795,-2.1385799829021224e-05
2024-10-21 12:32:49+00:00,0,0.0,0.0,233.795,0.0
2024-10-21 12:32:50+00:00,0,0.0,0.0,233.795,0.0
2024-10-21 12:32:51+00:00,0,0.0,0.0,233.795,0.0
2024-10-21 12:32:52+00:00,0,0.0,0.0,233.795,0.0
2024-10-21 12:32:53+00:00,0,0.0,0.0,233.795,0.0
2024-10-21 12:32:54+00:00,0,0.0,0.0,233.795,0.0
2024-10-21 12:32:55+00:00,200,0.0,0.0,233.795,0.0
2024-10-21 12:32:56+00:00,0,0.0,0.0,233.795,0.0
2024-10-21 12:32:57+00:00,0,0.0,0.0,233.795,0.0
2024-10-21 12:32:58+00:00,0,0.0,0.0,233.795,0.0
2024-10-21 12:32:59+00:00,0,0.0,0.0,233.795,0.0
2024-10-21 12:33:00+00:00,0,0.0,0.0,233.795,0.0
2024-10-21 12:33:01+00:00,-5,0.0,0.0,233.76999999999998,-0.00010693128595562484
2024-10-21 12:33:02+00:00,0,0.0,0.0,233.76999999999998,0.0
2024-10-21 12:33:03+00:00,0,0.0,0.0,233.76999999999998,0.0
2024-10-21 12:33:04+00:00,0,0.0,0.0,233.76999999999998,0.0
2024-10-21 12:33:05+00:00,-17,0.0,0.0,233.76999999999998,0.0
2024-10-21 12:33:06+00:00,0,0.0,0.0,233.76999999999998,0.0
2024-10-21 12:33:07+00:00,17,0.0,0.0,233.76999999999998,0.0
2024-10-21 12:33:08+00:00,0,0.0,0.0,233.76999999999998,0.0
2024-10-21 12:33:09+00:00,-24,0.0,0.0,233.76,-4.277708859135032e-05
2024-10-21 12:33:10+00:00,0,0.0,0.0,233.76,0.0
2024-10-21 12:33:11+00:00,0,0.0,0.0,233.76,0.0
2024-10-21 12:33:12+00:00,7,0.0,0.0,233.76,0.0
2024-10-21 12:33:13+00:00,0,0.0,0.0,233.76,0.0
2024-10-21 12:33:14+00:00,-2,0.0,0.0,233.76,0.0
2024-10-21 12:33:15+00:00,400,0.0,0.0,233.76,0.0
2024-10-21 12:33:16+00:00,0,0.0,0.0,233.76,0.0
2024-10-21 12:33:17+00:00,0,0.0,0.0,233.76,0.0
2024-10-21 12:33:18+00:00,0,0.0,0.0,233.76,0.0
2024-10-21 12:33:19+00:00,0,0.0,0.0,233.76,0.0
2024-10-21 12:33:20+00:00,0,0.0,0.0,233.76,0.0
2024-10-21 12:33:21+00:00,200,0.0,0.0,233.76,0.0
2024-10-21 12:33:22+00:00,7,0.0,0.0,233.76,0.0
2024-10-21 12:33:23+00:00,0,0.0,0.0,233.76,0.0
2024-10-21 12:33:24+00:00,193,0.0,0.0,233.76,0.0
2024-10-21 12:33:25+00:00,0,0.0,0.0,233.76,0.0
2024-10-21 12:33:26+00:00,0,0.0,0.0,233.76,0.0
2024-10-21 12:33:27+00:00,0,0.0,0.0,233.76,0.0
2024-10-21 12:33:28+00:00,-200,0.0,0.0,233.76,0.0
2024-10-21 12:33:29+00:00,200,0.0,0.0,233.76,0.0
2024-10-21 12:33:30+00:00,0,0.0,0.0,233.76,0.0
2024-10-21 12:33:31+00:00,0,0.0,0.0,233.76,0.0
2024-10-21 12:33:32+00:00,0,0.0,0.0,233.76,0.0
2024-10-21 12:33:33+00:00,0,0.0,0.0,233.76,0.0
2024-10-21 12:33:34+00:00,0,0.0,0.0,233.76,0.0
2024-10-21 12:33:35+00:00,0,0.0,0.0,233.76,0.0
2024-10-21 12:33:36+00:00,200,0.0,0.0,233.76,0.0
2024-10-21 12:33:37+00:00,0,0.0,0.0,233.76,0.0
2024-10-21 12:33:38+00:00,0,0.0,0.0,233.76,0.0
2024-10-21 12:33:39+00:00,5,0.0,0.0,233.785,0.00010694729637239497
2024-10-21 12:33:40+00:00,0,0.0,0.0,233.785,0.0
2024-10-21 12:33:41+00:00,200,0.0,0.0,233.785,0.0
2024-10-21 12:33:42+00:00,0,0.0,0.0,233.785,0.0
2024-10-21 12:33:43+00:00,0,0.0,0.0,233.785,0.0
2024-10-21 12:33:44+00:00,0,0.0,0.0,233.785,0.0
2024-10-21 12:33:45+00:00,0,0.0,0.0,233.785,0.0
2024-10-21 12:33:46+00:00,0,0.0,0.0,233.785,0.0
2024-10-21 12:33:47+00:00,0,0.0,0.0,233.785,0.0
2024-10-21 12:33:48+00:00,0,0.0,0.0,233.785,0.0
2024-10-21 12:33:49+00:00,0,0.0,0.0,233.785,0.0
2024-10-21 12:33:50+00:00,-400,0.0,0.0,233.785,0.0
2024-10-21 12:33:51+00:00,200,0.0,0.0,233.785,0.0
2024-10-21 12:33:52+00:00,195,0.0,0.0,233.76,-0.00010693585987131549
2024-10-21 12:33:53+00:00,-200,0.0,0.0,233.76,0.0
2024-10-21 12:33:54+00:00,0,0.0,0.0,233.76,0.0
2024-10-21 12:33:55+00:00,0,0.0,0.0,233.76,0.0
2024-10-21 12:33:56+00:00,-10,0.0,0.0,233.76,0.0
2024-10-21 12:33:57+00:00,0,0.0,0.0,233.76,0.0
2024-10-21 12:33:58+00:00,0,0.0,0.0,233.76,0.0
2024-10-21 12:33:59+00:00,0,0.0,0.0,233.76,0.0
2024-10-21 12:34:00+00:00,0,0.0,0.0,233.76,0.0
2024-10-21 12:34:01+00:00,0,0.0,0.0,233.76,0.0
2024-10-21 12:34:02+00:00,400,0.0,0.0,233.795,0.00014972621492126414
2024-10-21 12:34:03+00:00,0,0.0,0.0,233.795,0.0
2024-10-21 12:34:04+00:00,7,0.0,0.0,233.8,2.1386257191169378e-05
2024-10-21 12:34:05+00:00,0,0.0,0.0,233.8,0.0
2024-10-21 12:34:06+00:00,-7,0.0,0.0,233.8,0.0
2024-10-21 12:34:07+00:00,0,0.0,0.0,233.8,0.0
2024-10-21 12:34:08+00:00,0,0.0,0.0,233.8,0.0
2024-10-21 12:34:09+00:00,0,0.0,0.0,233.8,0.0
2024-10-21 12:34:10+00:00,0,0.0,0.0,233.8,0.0
2024-10-21 12:34:11+00:00,7,0.0,0.0,233.8,0.0
2024-10-21 12:34:12+00:00,0,0.0,0.0,233.8,0.0
2024-10-21 12:34:13+00:00,-207,0.0,0.0,233.795,-2.1385799829021224e-05
2024-10-21 12:34:14+00:00,0,0.0,0.0,233.795,0.0
2024-10-21 12:34:15+00:00,0,0.0,0.0,233.795,0.0
2024-10-21 12:34:16+00:00,0,0.0,0.0,233.795,0.0
2024-10-21 12:34:17+00:00,0,0.0,0.0,233.795,0.0
2024-10-21 12:34:18+00:00,-200,0.0,0.0,233.79,-2.1386257191058355e-05
2024-10-21 12:34:19+00:00,0,0.0,0.0,233.79,0.0
2024-10-21 12:34:20+00:00,0,0.0,0.0,233.79,0.0
2024-10-21 12:34:21+00:00,0,0.0,0.0,233.79,0.0
2024-10-21 12:34:22+00:00,0,0.0,0.0,233.79,0.0
2024-10-21 12:34:23+00:00,0,0.0,0.0,233.79,0.0
2024-10-21 12:34:24+00:00,0,0.0,0.0,233.79,0.0
2024-10-21 12:34:25+00:00,0,0.0,0.0,233.79,0.0
2024-10-21 12:34:26+00:00,7,0.0,0.0,233.79,0.0
2024-10-21 12:34:27+00:00,0,0.0,0.0,233.79,0.0
2024-10-21 12:34:28+00:00,-7,0.0,0.0,233.79,0.0
2024-10-21 12:34:29+00:00,0,0.0,0.0,233.79,0.0
2024-10-21 12:34:30+00:00,0,0.0,0.0,233.79,0.0
2024-10-21 12:34:31+00:00,7,0.0,0.0,233.79,0.0
2024-10-21 12:34:32+00:00,0,0.0,0.0,233.79,0.0
2024-10-21 12:34:33+00:00,-607,0.0,0.0,233.795,2.1386714572857457e-05
2024-10-21 12:34:34+00:00,0,0.0,0.0,233.795,0.0
2024-10-21 12:34:35+00:00,7,0.0,0.0,233.81,6.415877157350813e-05
2024-10-21 12:34:36+00:00,0,0.0,0.0,233.81,0.0
2024-10-21 12:34:37+00:00,-7,0.0,0.0,233.79,-8.553954065271263e-05
2024-10-21 12:34:38+00:00,-600,0.0,0.0,233.805,6.416014371879442e-05
2024-10-21 12:34:39+00:00,-800,0.0,0.0,233.805,0.0
2024-10-21 12:34:40+00:00,0,0.0,0.0,233.805,0.0
2024-10-21 12:34:41+00:00,0,0.0,0.0,233.805,0.0
2024-10-21 12:34:42+00:00,7,0.0,0.0,233.81,2.138534248619095e-05
2024-10-21 12:34:43+00:00,0,0.0,0.0,233.81,0.0
2024-10-21 12:34:44+00:00,-7,0.0,0.0,233.8,-4.276977032624529e-05
2024-10-21 12:34:45+00:00,0,0.0,0.0,233.8,0.0
2024-10-21 12:34:46+00:00,0,0.0,0.0,233.8,0.0
2024-10-21 12:34:47+00:00,0,0.0,0.0,233.8,0.0
2024-10-21 12:34:48+00:00,0,0.0,0.0,233.8,0.0
2024-10-21 12:34:49+00:00,0,0.0,0.0,233.8,0.0
2024-10-21 12:34:50+00:00,0,0.0,0.0,233.8,0.0
2024-10-21 12:34:51+00:00,0,0.0,0.0,233.8,0.0
2024-10-21 12:34:52+00:00,0,0.0,0.0,233.8,0.0
2024-10-21 12:34:53+00:00,0,0.0,0.0,233.8,0.0
2024-10-21 12:34:54+00:00,7,0.0,0.0,233.81,4.27715996578204e-05
2024-10-21 12:34:55+00:00,0,0.0,0.0,233.81,0.0
2024-10-21 12:34:56+00:00,193,0.0,0.0,233.805,-2.1384885163122647e-05
2024-10-21 12:34:57+00:00,0,0.0,0.0,233.805,0.0
2024-10-21 12:34:58+00:00,0,0.0,0.0,233.805,0.0
2024-10-21 12:34:59+00:00,0,0.0,0.0,233.805,0.0
2024-10-21 12:35:00+00:00,0,0.0,0.0,233.805,0.0
2024-10-21 12:35:01+00:00,-400,0.0,0.0,233.805,0.0
2024-10-21 12:35:02+00:00,0,0.0,0.0,233.805,0.0
2024-10-21 12:35:03+00:00,0,0.0,0.0,233.805,0.0
2024-10-21 12:35:04+00:00,7,0.0,0.0,233.815,4.27706849723819e-05
2024-10-21 12:35:05+00:00,0,0.0,0.0,233.815,0.0
2024-10-21 12:35:06+00:00,-7,0.0,0.0,233.8,-6.415328357889383e-05
2024-10-21 12:35:07+00:00,0,0.0,0.0,233.8,0.0
2024-10-21 12:35:08+00:00,0,0.0,0.0,233.8,0.0
2024-10-21 12:35:09+00:00,0,0.0,0.0,233.8,0.0
2024-10-21 12:35:10+00:00,80,0.0,0.0,233.825,0.00010692899914443998
2024-10-21 12:35:11+00:00,207,0.0,0.0,233.84,6.41505399336939e-05
2024-10-21 12:35:12+00:00,400,0.0,0.0,233.84,0.0
2024-10-21 12:35:13+00:00,-7,0.0,0.0,233.82999999999998,-4.276428327065762e-05
2024-10-21 12:35:14+00:00,0,0.0,0.0,233.82999999999998,0.0
2024-10-21 12:35:15+00:00,0,0.0,0.0,233.82999999999998,0.0
2024-10-21 12:35:16+00:00,0,0.0,0.0,233.82999999999998,0.0
2024-10-21 12:35:17+00:00,0,0.0,0.0,233.82999999999998,0.0
2024-10-21 12:35:18+00:00,7,0.0,0.0,233.84,4.2766112132719414e-05
2024-10-21 12:35:19+00:00,0,0.0,0.0,233.84,0.0
2024-10-21 12:35:20+00:00,-7,0.0,0.0,233.805,-0.00014967499144713514
2024-10-21 12:35:21+00:00,0,0.0,0.0,233.805,0.0
2024-10-21 12:35:22+00:00,400,0.0,0.0,233.805,0.0
2024-10-21 12:35:23+00:00,-400,0.0,0.0,233.805,0.0
2024-10-21 12:35:24+00:00,-100,0.0,0.0,233.845,0.0001710827398899717
2024-10-21 12:35:25+00:00,0,0.0,0.0,233.845,0.0
2024-10-21 12:35:26+00:00,0,0.0,0.0,233.845,0.0
2024-10-21 12:35:27+00:00,0,0.0,0.0,233.845,0.0
2024-10-21 12:35:28+00:00,0,0.0,0.0,233.845,0.0
2024-10-21 12:35:29+00:00,0,0.0,0.0,233.845,0.0
2024-10-21 12:35:30+00:00,0,0.0,0.0,233.845,0.0
2024-10-21 12:35:31+00:00,0,0.0,0.0,233.845,0.0
2024-10-21 12:35:32+00:00,0,0.0,0.0,233.845,0.0
2024-10-21 12:35:33+00:00,0,0.0,0.0,233.845,0.0
2024-10-21 12:35:34+00:00,0,0.0,0.0,233.845,0.0
2024-10-21 12:35:35+00:00,0,0.0,0.0,233.845,0.0
2024-10-21 12:35:36+00:00,0,0.0,0.0,233.845,0.0
2024-10-21 12:35:37+00:00,0,0.0,0.0,233.845,0.0
2024-10-21 12:35:38+00:00,0,0.0,0.0,233.845,0.0
2024-10-21 12:35:39+00:00,0,0.0,0.0,233.845,0.0
2024-10-21 12:35:40+00:00,0,0.0,0.0,233.845,0.0
2024-10-21 12:35:41+00:00,0,0.0,0.0,233.845,0.0
2024-10-21 12:35:42+00:00,0,0.0,0.0,233.845,0.0
2024-10-21 12:35:43+00:00,0,0.0,0.0,233.845,0.0
2024-10-21 12:35:44+00:00,0,0.0,0.0,233.845,0.0
2024-10-21 12:35:45+00:00,0,0.0,0.0,233.845,0.0
2024-10-21 12:35:46+00:00,-200,0.0,0.0,233.845,0.0
2024-10-21 12:35:47+00:00,0,0.0,0.0,233.845,0.0
2024-10-21 12:35:48+00:00,200,0.0,0.0,233.845,0.0
2024-10-21 12:35:49+00:00,0,0.0,0.0,233.845,0.0
2024-10-21 12:35:50+00:00,400,0.0,0.0,233.845,0.0
2024-10-21 12:35:51+00:00,0,0.0,0.0,233.845,0.0
2024-10-21 12:35:52+00:00,0,0.0,0.0,233.845,0.0
2024-10-21 12:35:53+00:00,0,0.0,0.0,233.845,0.0
2024-10-21 12:35:54+00:00,200,0.0,0.0,233.845,0.0
2024-10-21 12:35:55+00:00,0,0.0,0.0,233.845,0.0
2024-10-21 12:35:56+00:00,0,0.0,0.0,233.845,0.0
2024-10-21 12:35:57+00:00,0,0.0,0.0,233.845,0.0
2024-10-21 12:35:58+00:00,0,0.0,0.0,233.845,0.0
2024-10-21 12:35:59+00:00,400,0.0,0.0,233.87,0.0001069084222455885
2024-10-21 12:36:00+00:00,200,0.0,0.0,233.87,0.0
2024-10-21 12:36:01+00:00,0,0.0,0.0,233.87,0.0
2024-10-21 12:36:02+00:00,0,0.0,0.0,233.87,0.0
2024-10-21 12:36:03+00:00,0,0.0,0.0,233.87,0.0
2024-10-21 12:36:04+00:00,0,0.0,0.0,233.87,0.0
2024-10-21 12:36:05+00:00,0,0.0,0.0,233.87,0.0
2024-10-21 12:36:06+00:00,0,0.0,0.0,233.87,0.0
2024-10-21 12:36:07+00:00,0,0.0,0.0,233.875,2.137939881130535e-05
2024-10-21 12:36:08+00:00,0,0.0,0.0,233.875,0.0
2024-10-21 12:36:09+00:00,-400,0.0,0.0,233.875,0.0
2024-10-21 12:36:10+00:00,-4,0.0,0.0,233.82,-0.0002351683591662601
2024-10-21 12:36:11+00:00,0,0.0,0.0,233.82,0.0
2024-10-21 12:36:12+00:00,0,0.0,0.0,233.82,0.0
2024-10-21 12:36:13+00:00,0,0.0,0.0,233.82,0.0
2024-10-21 12:36:14+00:00,0,0.0,0.0,233.82,0.0
2024-10-21 12:36:15+00:00,0,0.0,0.0,233.82,0.0
2024-10-21 12:36:16+00:00,0,0.0,0.0,233.82,0.0
2024-10-21 12:36:17+00:00,0,0.0,0.0,233.82,0.0
2024-10-21 12:36:18+00:00,0,0.0,0.0,233.82,0.0
2024-10-21 12:36:19+00:00,0,0.0,0.0,233.82,0.0
2024-10-21 12:36:20+00:00,0,0.0,0.0,233.82,0.0
2024-10-21 12:36:21+00:00,0,0.0,0.0,233.82,0.0
2024-10-21 12:36:22+00:00,0,0.0,0.0,233.82,0.0
2024-10-21 12:36:23+00:00,0,0.0,0.0,233.82,0.0
2024-10-21 12:36:24+00:00,0,0.0,0.0,233.82,0.0
2024-10-21 12:36:25+00:00,0,0.0,0.0,233.82,0.0
2024-10-21 12:36:26+00:00,0,0.0,0.0,233.82,0.0
2024-10-21 12:36:27+00:00,0,0.0,0.0,233.82,0.0
2024-10-21 12:36:28+00:00,0,0.0,0.0,233.82,0.0
2024-10-21 12:36:29+00:00,0,0.0,0.0,233.82,0.0
2024-10-21 12:36:30+00:00,0,0.0,0.0,233.82,0.0
2024-10-21 12:36:31+00:00,0,0.0,0.0,233.82,0.0
2024-10-21 12:36:32+00:00,0,0.0,0.0,233.82,0.0
2024-10-21 12:36:33+00:00,0,0.0,0.0,233.82,0.0
2024-10-21 12:36:34+00:00,0,0.0,0.0,233.82,0.0
2024-10-21 12:36:35+00:00,0,0.0,0.0,233.82,0.0
2024-10-21 12:36:36+00:00,0,0.0,0.0,233.82,0.0
2024-10-21 12:36:37+00:00,0,0.0,0.0,233.82,0.0
2024-10-21 12:36:38+00:00,0,0.0,0.0,233.82,0.0
2024-10-21 12:36:39+00:00,0,0.0,0.0,233.82,0.0
2024-10-21 12:36:40+00:00,0,0.0,0.0,233.82,0.0
2024-10-21 12:36:41+00:00,0,0.0,0.0,233.82,0.0
2024-10-21 12:36:42+00:00,0,0.0,0.0,233.82,0.0
2024-10-21 12:36:43+00:00,200,0.0,0.0,233.82,0.0
2024-10-21 12:36:44+00:00,0,0.0,0.0,233.82,0.0
2024-10-21 12:36:45+00:00,0,0.0,0.0,233.82,0.0
2024-10-21 12:36:46+00:00,0,0.0,0.0,233.82,0.0
2024-10-21 12:36:47+00:00,0,0.0,0.0,233.82,0.0
2024-10-21 12:36:48+00:00,0,0.0,0.0,233.82,0.0
2024-10-21 12:36:49+00:00,0,0.0,0.0,233.82,0.0
2024-10-21 12:36:50+00:00,200,0.0,0.0,233.82,0.0
2024-10-21 12:36:51+00:00,0,0.0,0.0,233.82,0.0
2024-10-21 12:36:52+00:00,0,0.0,0.0,233.82,0.0
2024-10-21 12:36:53+00:00,100,0.0,0.0,233.88,0.0002566076469079359
2024-10-21 12:36:54+00:00,0,0.0,0.0,233.88,0.0
2024-10-21 12:36:55+00:00,0,0.0,0.0,233.88,0.0
2024-10-21 12:36:56+00:00,200,0.0,0.0,233.88,0.0
2024-10-21 12:36:57+00:00,-200,0.0,0.0,233.88,0.0
2024-10-21 12:36:58+00:00,1,0.0,0.0,233.88,0.0
2024-10-21 12:36:59+00:00,0,0.0,0.0,233.88,0.0
2024-10-21 12:37:00+00:00,200,0.0,0.0,233.88,0.0
2024-10-21 12:37:01+00:00,70,0.0,0.0,233.835,-0.00019240636223694096
2024-10-21 12:37:02+00:00,400,0.0,0.0,233.835,0.0
2024-10-21 12:37:03+00:00,0,0.0,0.0,233.835,0.0
2024-10-21 12:37:04+00:00,0,0.0,0.0,233.835,0.0
2024-10-21 12:37:05+00:00,-2,0.0,0.0,233.83,-2.138259884099103e-05
2024-10-21 12:37:06+00:00,0,0.0,0.0,233.83,0.0
2024-10-21 12:37:07+00:00,0,0.0,0.0,233.83,0.0
2024-10-21 12:37:08+00:00,0,0.0,0.0,233.83,0.0
2024-10-21 12:37:09+00:00,0,0.0,0.0,233.83,0.0
2024-10-21 12:37:10+00:00,400,0.0,0.0,233.83,0.0
2024-10-21 12:37:11+00:00,0,0.0,0.0,233.83,0.0
2024-10-21 12:37:12+00:00,0,0.0,0.0,233.83,0.0
2024-10-21 12:37:13+00:00,0,0.0,0.0,233.83,0.0
2024-10-21 12:37:14+00:00,0,0.0,0.0,233.83,0.0
2024-10-21 12:37:15+00:00,0,0.0,0.0,233.83,0.0
2024-10-21 12:37:16+00:00,0,0.0,0.0,233.83,0.0
2024-10-21 12:37:17+00:00,0,0.0,0.0,233.83,0.0
2024-10-21 12:37:18+00:00,0,0.0,0.0,233.83,0.0
2024-10-21 12:37:19+00:00,-200,0.0,0.0,233.83,0.0
2024-10-21 12:37:20+00:00,0,0.0,0.0,233.83,0.0
2024-10-21 12:37:21+00:00,0,0.0,0.0,233.83,0.0
2024-10-21 12:37:22+00:00,0,0.0,0.0,233.83,0.0
2024-10-21 12:37:23+00:00,0,0.0,0.0,233.83,0.0
2024-10-21 12:37:24+00:00,400,0.0,0.0,233.83,0.0
2024-10-21 12:37:25+00:00,0,0.0,0.0,233.83,0.0
2024-10-21 12:37:26+00:00,0,0.0,0.0,233.83,0.0
2024-10-21 12:37:27+00:00,400,0.0,0.0,233.83,0.0
2024-10-21 12:37:28+00:00,0,0.0,0.0,233.83,0.0
2024-10-21 12:37:29+00:00,0,0.0,0.0,233.83,0.0
2024-10-21 12:37:30+00:00,0,0.0,0.0,233.83,0.0
2024-10-21 12:37:31+00:00,0,0.0,0.0,233.83,0.0
2024-10-21 12:37:32+00:00,0,0.0,0.0,233.83,0.0
2024-10-21 12:37:33+00:00,0,0.0,0.0,233.83,0.0
2024-10-21 12:37:34+00:00,0,0.0,0.0,233.83,0.0
2024-10-21 12:37:35+00:00,0,0.0,0.0,233.83,0.0
2024-10-21 12:37:36+00:00,400,0.0,0.0,233.83,0.0
2024-10-21 12:37:37+00:00,0,0.0,0.0,233.83,0.0
2024-10-21 12:37:38+00:00,-200,0.0,0.0,233.83,0.0
2024-10-21 12:37:39+00:00,0,0.0,0.0,233.83,0.0
2024-10-21 12:37:40+00:00,0,0.0,0.0,233.83,0.0
2024-10-21 12:37:41+00:00,0,0.0,0.0,233.83,0.0
2024-10-21 12:37:42+00:00,200,0.0,0.0,233.83,0.0
2024-10-21 12:37:43+00:00,0,0.0,0.0,233.83,0.0
2024-10-21 12:37:44+00:00,0,0.0,0.0,233.83,0.0
2024-10-21 12:37:45+00:00,0,0.0,0.0,233.83,0.0
2024-10-21 12:37:46+00:00,0,0.0,0.0,233.83,0.0
2024-10-21 12:37:47+00:00,1,0.0,0.0,233.85000000000002,8.553222426543883e-05
2024-10-21 12:37:48+00:00,-224,0.0,0.0,233.845,-2.1381227282568638e-05
2024-10-21 12:37:49+00:00,400,0.0,0.0,233.845,0.0
2024-10-21 12:37:50+00:00,-200,0.0,0.0,233.845,0.0
2024-10-21 12:37:51+00:00,400,0.0,0.0,233.845,0.0
2024-10-21 12:37:52+00:00,0,0.0,0.0,233.845,0.0
2024-10-21 12:37:53+00:00,0,0.0,0.0,233.845,0.0
2024-10-21 12:37:54+00:00,200,0.0,0.0,233.845,0.0
2024-10-21 12:37:55+00:00,0,0.0,0.0,233.845,0.0
2024-10-21 12:37:56+00:00,0,0.0,0.0,233.845,0.0
2024-10-21 12:37:57+00:00,-200,0.0,0.0,233.845,0.0
2024-10-21 12:37:58+00:00,0,0.0,0.0,233.845,0.0
2024-10-21 12:37:59+00:00,0,0.0,0.0,233.845,0.0
2024-10-21 12:38:00+00:00,0,0.0,0.0,233.845,0.0
2024-10-21 12:38:01+00:00,-80,0.0,0.0,233.825,-8.5526737796493e-05
2024-10-21 12:38:02+00:00,200,0.0,0.0,233.825,0.0
2024-10-21 12:38:03+00:00,0,0.0,0.0,233.825,0.0
2024-10-21 12:38:04+00:00,0,0.0,0.0,233.825,0.0
2024-10-21 12:38:05+00:00,0,0.0,0.0,233.825,0.0
2024-10-21 12:38:06+00:00,0,0.0,0.0,233.825,0.0
2024-10-21 12:38:07+00:00,0,0.0,0.0,233.825,0.0
2024-10-21 12:38:08+00:00,0,0.0,0.0,233.825,0.0
2024-10-21 12:38:09+00:00,0,0.0,0.0,233.825,0.0
2024-10-21 12:38:10+00:00,0,0.0,0.0,233.825,0.0
2024-10-21 12:38:11+00:00,0,0.0,0.0,233.825,0.0
2024-10-21 12:38:12+00:00,0,0.0,0.0,233.825,0.0
2024-10-21 12:38:13+00:00,-4,0.0,0.0,233.82,-2.138351331126831e-05
2024-10-21 12:38:14+00:00,0,0.0,0.0,233.82,0.0
2024-10-21 12:38:15+00:00,0,0.0,0.0,233.82,0.0
2024-10-21 12:38:16+00:00,0,0.0,0.0,233.82,0.0
2024-10-21 12:38:17+00:00,0,0.0,0.0,233.82,0.0
2024-10-21 12:38:18+00:00,-200,0.0,0.0,233.82,0.0
2024-10-21 12:38:19+00:00,0,0.0,0.0,233.82,0.0
2024-10-21 12:38:20+00:00,-327,0.0,0.0,233.755,-0.00027799161748354173
2024-10-21 12:38:21+00:00,-399,0.0,0.0,233.755,0.0
2024-10-21 12:38:22+00:00,0,0.0,0.0,233.755,0.0
2024-10-21 12:38:23+00:00,0,0.0,0.0,233.755,0.0
2024-10-21 12:38:24+00:00,200,0.0,0.0,233.755,0.0
2024-10-21 12:38:25+00:00,0,0.0,0.0,233.755,0.0
2024-10-21 12:38:26+00:00,0,0.0,0.0,233.755,0.0
2024-10-21 12:38:27+00:00,-200,0.0,0.0,233.755,0.0
2024-10-21 12:38:28+00:00,-438,0.0,0.0,233.75,-2.138991679323521e-05
2024-10-21 12:38:29+00:00,0,0.0,0.0,233.75,0.0
2024-10-21 12:38:30+00:00,200,0.0,0.0,233.75,0.0
2024-10-21 12:38:31+00:00,-400,0.0,0.0,233.75,0.0
2024-10-21 12:38:32+00:00,200,0.0,0.0,233.75,0.0
2024-10-21 12:38:33+00:00,-134,0.0,0.0,233.78,0.0001283422459892325
2024-10-21 12:38:34+00:00,-286,0.0,0.0,233.75,-0.0001283257763708967
2024-10-21 12:38:35+00:00,0,0.0,0.0,233.75,0.0
2024-10-21 12:38:36+00:00,400,0.0,0.0,233.75,0.0
2024-10-21 12:38:37+00:00,0,0.0,0.0,233.75,0.0
2024-10-21 12:38:38+00:00,0,0.0,0.0,233.75,0.0
2024-10-21 12:38:39+00:00,0,0.0,0.0,233.75,0.0
2024-10-21 12:38:40+00:00,0,0.0,0.0,233.75,0.0
2024-10-21 12:38:41+00:00,200,0.0,0.0,233.75,0.0
2024-10-21 12:38:42+00:00,0,0.0,0.0,233.75,0.0
2024-10-21 12:38:43+00:00,0,0.0,0.0,233.75,0.0
2024-10-21 12:38:44+00:00,0,0.0,0.0,233.75,0.0
2024-10-21 12:38:45+00:00,0,0.0,0.0,233.75,0.0
2024-10-21 12:38:46+00:00,0,0.0,0.0,233.75,0.0
2024-10-21 12:38:47+00:00,0,0.0,0.0,233.75,0.0
2024-10-21 12:38:48+00:00,0,0.0,0.0,233.75,0.0
2024-10-21 12:38:49+00:00,0,0.0,0.0,233.75,0.0
2024-10-21 12:38:50+00:00,0,0.0,0.0,233.75,0.0
2024-10-21 12:38:51+00:00,0,0.0,0.0,233.75,0.0
2024-10-21 12:38:52+00:00,0,0.0,0.0,233.75,0.0
2024-10-21 12:38:53+00:00,12,0.0,0.0,233.745,-2.1390374331575757e-05
2024-10-21 12:38:54+00:00,200,0.0,0.0,233.745,0.0
2024-10-21 12:38:55+00:00,0,0.0,0.0,233.745,0.0
2024-10-21 12:38:56+00:00,0,0.0,0.0,233.745,0.0
2024-10-21 12:38:57+00:00,200,0.0,0.0,233.745,0.0
2024-10-21 12:38:58+00:00,0,0.0,0.0,233.745,0.0
2024-10-21 12:38:59+00:00,0,0.0,0.0,233.745,0.0
2024-10-21 12:39:00+00:00,-2,0.0,0.0,233.745,0.0
2024-10-21 12:39:01+00:00,0,0.0,0.0,233.745,0.0
2024-10-21 12:39:02+00:00,0,0.0,0.0,233.745,0.0
2024-10-21 12:39:03+00:00,0,0.0,0.0,233.745,0.0
2024-10-21 12:39:04+00:00,0,0.0,0.0,233.745,0.0
2024-10-21 12:39:05+00:00,-31,0.0,0.0,233.77,0.00010695415944739217
2024-10-21 12:39:06+00:00,-69,0.0,0.0,233.75,-8.555417718270064e-05
2024-10-21 12:39:07+00:00,0,0.0,0.0,233.75,0.0
2024-10-21 12:39:08+00:00,0,0.0,0.0,233.75,0.0
2024-10-21 12:39:09+00:00,0,0.0,0.0,233.75,0.0
2024-10-21 12:39:10+00:00,0,0.0,0.0,233.75,0.0
2024-10-21 12:39:11+00:00,0,0.0,0.0,233.75,0.0
2024-10-21 12:39:12+00:00,0,0.0,0.0,233.75,0.0
2024-10-21 12:39:13+00:00,-200,0.0,0.0,233.75,0.0
2024-10-21 12:39:14+00:00,0,0.0,0.0,233.75,0.0
2024-10-21 12:39:15+00:00,0,0.0,0.0,233.75,0.0
2024-10-21 12:39:16+00:00,0,0.0,0.0,233.75,0.0
2024-10-21 12:39:17+00:00,0,0.0,0.0,233.75,0.0
2024-10-21 12:39:18+00:00,200,0.0,0.0,233.75,0.0
2024-10-21 12:39:19+00:00,0,0.0,0.0,233.75,0.0
2024-10-21 12:39:20+00:00,200,0.0,0.0,233.75,0.0
2024-10-21 12:39:21+00:00,0,0.0,0.0,233.75,0.0
2024-10-21 12:39:22+00:00,0,0.0,0.0,233.75,0.0
2024-10-21 12:39:23+00:00,0,0.0,0.0,233.75,0.0
2024-10-21 12:39:24+00:00,0,0.0,0.0,233.75,0.0
2024-10-21 12:39:25+00:00,0,0.0,0.0,233.75,0.0
2024-10-21 12:39:26+00:00,0,0.0,0.0,233.75,0.0
2024-10-21 12:39:27+00:00,0,0.0,0.0,233.75,0.0
2024-10-21 12:39:28+00:00,0,0.0,0.0,233.75,0.0
2024-10-21 12:39:29+00:00,0,0.0,0.0,233.75,0.0
2024-10-21 12:39:30+00:00,-2,0.0,0.0,233.745,-2.1390374331575757e-05
2024-10-21 12:39:31+00:00,0,0.0,0.0,233.745,0.0
2024-10-21 12:39:32+00:00,0,0.0,0.0,233.745,0.0
2024-10-21 12:39:33+00:00,200,0.0,0.0,233.745,0.0
2024-10-21 12:39:34+00:00,200,0.0,0.0,233.745,0.0
2024-10-21 12:39:35+00:00,0,0.0,0.0,233.745,0.0
2024-10-21 12:39:36+00:00,0,0.0,0.0,233.745,0.0
2024-10-21 12:39:37+00:00,0,0.0,0.0,233.745,0.0
2024-10-21 12:39:38+00:00,0,0.0,0.0,233.745,0.0
2024-10-21 12:39:39+00:00,0,0.0,0.0,233.745,0.0
2024-10-21 12:39:40+00:00,0,0.0,0.0,233.745,0.0
2024-10-21 12:39:41+00:00,0,0.0,0.0,233.745,0.0
2024-10-21 12:39:42+00:00,200,0.0,0.0,233.745,0.0
2024-10-21 12:39:43+00:00,0,0.0,0.0,233.745,0.0
2024-10-21 12:39:44+00:00,0,0.0,0.0,233.745,0.0
2024-10-21 12:39:45+00:00,0,0.0,0.0,233.745,0.0
2024-10-21 12:39:46+00:00,0,0.0,0.0,233.745,0.0
2024-10-21 12:39:47+00:00,0,0.0,0.0,233.745,0.0
2024-10-21 12:39:48+00:00,0,0.0,0.0,233.745,0.0
2024-10-21 12:39:49+00:00,0,0.0,0.0,233.745,0.0
2024-10-21 12:39:50+00:00,0,0.0,0.0,233.745,0.0
2024-10-21 12:39:51+00:00,0,0.0,0.0,233.745,0.0
2024-10-21 12:39:52+00:00,0,0.0,0.0,233.745,0.0
2024-10-21 12:39:53+00:00,0,0.0,0.0,233.745,0.0
2024-10-21 12:39:54+00:00,0,0.0,0.0,233.745,0.0
2024-10-21 12:39:55+00:00,0,0.0,0.0,233.745,0.0
2024-10-21 12:39:56+00:00,0,0.0,0.0,233.745,0.0
2024-10-21 12:39:57+00:00,0,0.0,0.0,233.745,0.0
2024-10-21 12:39:58+00:00,0,0.0,0.0,233.745,0.0
2024-10-21 12:39:59+00:00,0,0.0,0.0,233.745,0.0
2024-10-21 12:40:00+00:00,2,0.0,0.0,233.745,0.0
2024-10-21 12:40:01+00:00,0,0.0,0.0,233.745,0.0
2024-10-21 12:40:02+00:00,200,0.0,0.0,233.745,0.0
2024-10-21 12:40:03+00:00,0,0.0,0.0,233.745,0.0
2024-10-21 12:40:04+00:00,0,0.0,0.0,233.745,0.0
2024-10-21 12:40:05+00:00,0,0.0,0.0,233.745,0.0
2024-10-21 12:40:06+00:00,-6,0.0,0.0,233.745,0.0
2024-10-21 12:40:07+00:00,0,0.0,0.0,233.745,0.0
2024-10-21 12:40:08+00:00,0,0.0,0.0,233.745,0.0
2024-10-21 12:40:09+00:00,0,0.0,0.0,233.745,0.0
2024-10-21 12:40:10+00:00,0,0.0,0.0,233.745,0.0
2024-10-21 12:40:11+00:00,0,0.0,0.0,233.745,0.0
2024-10-21 12:40:12+00:00,0,0.0,0.0,233.745,0.0
2024-10-21 12:40:13+00:00,0,0.0,0.0,233.745,0.0
2024-10-21 12:40:14+00:00,0,0.0,0.0,233.745,0.0
2024-10-21 12:40:15+00:00,0,0.0,0.0,233.745,0.0
2024-10-21 12:40:16+00:00,200,0.0,0.0,233.75,2.1390831889345208e-05
2024-10-21 12:40:17+00:00,-70,0.0,0.0,233.74,-4.278074866304049e-05
2024-10-21 12:40:18+00:00,0,0.0,0.0,233.74,0.0
2024-10-21 12:40:19+00:00,0,0.0,0.0,233.74,0.0
2024-10-21 12:40:20+00:00,0,0.0,0.0,233.74,0.0
2024-10-21 12:40:21+00:00,-400,0.0,0.0,233.735,-2.139128946687663e-05
2024-10-21 12:40:22+00:00,0,0.0,0.0,233.735,0.0
2024-10-21 12:40:23+00:00,0,0.0,0.0,233.745,4.278349412789595e-05
2024-10-21 12:40:24+00:00,0,0.0,0.0,233.745,0.0
2024-10-21 12:40:25+00:00,0,0.0,0.0,233.745,0.0
2024-10-21 12:40:26+00:00,200,0.0,0.0,233.745,0.0
2024-10-21 12:40:27+00:00,0,0.0,0.0,233.745,0.0
2024-10-21 12:40:28+00:00,0,0.0,0.0,233.745,0.0
2024-10-21 12:40:29+00:00,0,0.0,0.0,233.75,2.1390831889345208e-05
2024-10-21 12:40:30+00:00,6,0.0,0.0,233.75,0.0
2024-10-21 12:40:31+00:00,0,0.0,0.0,233.75,0.0
2024-10-21 12:40:32+00:00,0,0.0,0.0,233.75,0.0
2024-10-21 12:40:33+00:00,0,0.0,0.0,233.75,0.0
2024-10-21 12:40:34+00:00,0,0.0,0.0,233.75,0.0
2024-10-21 12:40:35+00:00,0,0.0,0.0,233.75,0.0
2024-10-21 12:40:36+00:00,0,0.0,0.0,233.75,0.0
2024-10-21 12:40:37+00:00,-4,0.0,0.0,233.745,-2.1390374331575757e-05
2024-10-21 12:40:38+00:00,0,0.0,0.0,233.745,0.0
2024-10-21 12:40:39+00:00,0,0.0,0.0,233.745,0.0
2024-10-21 12:40:40+00:00,5,0.0,0.0,233.78,0.0001497358232260826
2024-10-21 12:40:41+00:00,-5,0.0,0.0,233.78,0.0
2024-10-21 12:40:42+00:00,0,0.0,0.0,233.78,0.0
2024-10-21 12:40:43+00:00,200,0.0,0.0,233.78,0.0
2024-10-21 12:40:44+00:00,0,0.0,0.0,233.78,0.0
2024-10-21 12:40:45+00:00,-400,0.0,0.0,233.78,0.0
2024-10-21 12:40:46+00:00,200,0.0,0.0,233.78,0.0
2024-10-21 12:40:47+00:00,0,0.0,0.0,233.78,0.0
2024-10-21 12:40:48+00:00,200,0.0,0.0,233.78,0.0
2024-10-21 12:40:49+00:00,-200,0.0,0.0,233.78,0.0
2024-10-21 12:40:50+00:00,0,0.0,0.0,233.78,0.0
2024-10-21 12:40:51+00:00,400,0.0,0.0,233.78,0.0
2024-10-21 12:40:52+00:00,0,0.0,0.0,233.78,0.0
2024-10-21 12:40:53+00:00,0,0.0,0.0,233.78,0.0
2024-10-21 12:40:54+00:00,200,0.0,0.0,233.78,0.0
2024-10-21 12:40:55+00:00,0,0.0,0.0,233.78,0.0
2024-10-21 12:40:56+00:00,0,0.0,0.0,233.78,0.0
2024-10-21 12:40:57+00:00,0,0.0,0.0,233.78,0.0
2024-10-21 12:40:58+00:00,0,0.0,0.0,233.78,0.0
2024-10-21 12:40:59+00:00,0,0.0,0.0,233.78,0.0
2024-10-21 12:41:00+00:00,-2,0.0,0.0,233.78,0.0
2024-10-21 12:41:01+00:00,0,0.0,0.0,233.78,0.0
2024-10-21 12:41:02+00:00,100,0.0,0.0,233.78500000000003,2.138762939529748e-05
2024-10-21 12:41:03+00:00,0,0.0,0.0,233.78500000000003,0.0
2024-10-21 12:41:04+00:00,0,0.0,0.0,233.78500000000003,0.0
2024-10-21 12:41:05+00:00,0,0.0,0.0,233.78500000000003,0.0
2024-10-21 12:41:06+00:00,0,0.0,0.0,233.78500000000003,0.0
2024-10-21 12:41:07+00:00,-400,0.0,0.0,233.78500000000003,0.0
2024-10-21 12:41:08+00:00,0,0.0,0.0,233.78500000000003,0.0
2024-10-21 12:41:09+00:00,0,0.0,0.0,233.78500000000003,0.0
2024-10-21 12:41:10+00:00,0,0.0,0.0,233.78500000000003,0.0
2024-10-21 12:41:11+00:00,0,0.0,0.0,233.78500000000003,0.0
2024-10-21 12:41:12+00:00,0,0.0,0.0,233.78500000000003,0.0
2024-10-21 12:41:13+00:00,0,0.0,0.0,233.78500000000003,0.0
2024-10-21 12:41:14+00:00,0,0.0,0.0,233.78500000000003,0.0
2024-10-21 12:41:15+00:00,0,0.0,0.0,233.78500000000003,0.0
2024-10-21 12:41:16+00:00,0,0.0,0.0,233.78500000000003,0.0
2024-10-21 12:41:17+00:00,0,0.0,0.0,233.78500000000003,0.0
2024-10-21 12:41:18+00:00,0,0.0,0.0,233.78500000000003,0.0
2024-10-21 12:41:19+00:00,0,0.0,0.0,233.78500000000003,0.0
2024-10-21 12:41:20+00:00,0,0.0,0.0,233.78500000000003,0.0
2024-10-21 12:41:21+00:00,0,0.0,0.0,233.78500000000003,0.0
2024-10-21 12:41:22+00:00,0,0.0,0.0,233.78500000000003,0.0
2024-10-21 12:41:23+00:00,0,0.0,0.0,233.78500000000003,0.0
2024-10-21 12:41:24+00:00,-400,0.0,0.0,233.78500000000003,0.0
2024-10-21 12:41:25+00:00,0,0.0,0.0,233.78500000000003,0.0
2024-10-21 12:41:26+00:00,0,0.0,0.0,233.78500000000003,0.0
2024-10-21 12:41:27+00:00,0,0.0,0.0,233.78500000000003,0.0
2024-10-21 12:41:28+00:00,0,0.0,0.0,233.78500000000003,0.0
2024-10-21 12:41:29+00:00,0,0.0,0.0,233.78500000000003,0.0
2024-10-21 12:41:30+00:00,0,0.0,0.0,233.78500000000003,0.0
2024-10-21 12:41:31+00:00,0,0.0,0.0,233.78500000000003,0.0
2024-10-21 12:41:32+00:00,0,0.0,0.0,233.78500000000003,0.0
2024-10-21 12:41:33+00:00,-400,0.0,0.0,233.78500000000003,0.0
2024-10-21 12:41:34+00:00,0,0.0,0.0,233.78500000000003,0.0
2024-10-21 12:41:35+00:00,0,0.0,0.0,233.78500000000003,0.0
2024-10-21 12:41:36+00:00,200,0.0,0.0,233.78500000000003,0.0
2024-10-21 12:41:37+00:00,-147,0.0,0.0,233.745,-0.00017109737579412698
2024-10-21 12:41:38+00:00,0,0.0,0.0,233.745,0.0
2024-10-21 12:41:39+00:00,0,0.0,0.0,233.745,0.0
2024-10-21 12:41:40+00:00,-200,0.0,0.0,233.745,0.0
2024-10-21 12:41:41+00:00,0,0.0,0.0,233.745,0.0
2024-10-21 12:41:42+00:00,0,0.0,0.0,233.745,0.0
2024-10-21 12:41:43+00:00,0,0.0,0.0,233.745,0.0
2024-10-21 12:41:44+00:00,0,0.0,0.0,233.745,0.0
2024-10-21 12:41:45+00:00,0,0.0,0.0,233.745,0.0
2024-10-21 12:41:46+00:00,0,0.0,0.0,233.745,0.0
2024-10-21 12:41:47+00:00,-200,0.0,0.0,233.745,0.0
2024-10-21 12:41:48+00:00,0,0.0,0.0,233.745,0.0
2024-10-21 12:41:49+00:00,64,0.0,0.0,233.77,0.00010695415944739217
2024-10-21 12:41:50+00:00,-64,0.0,0.0,233.75,-8.555417718270064e-05
2024-10-21 12:41:51+00:00,0,0.0,0.0,233.75,0.0
2024-10-21 12:41:52+00:00,0,0.0,0.0,233.75,0.0
2024-10-21 12:41:53+00:00,0,0.0,0.0,233.75,0.0
2024-10-21 12:41:54+00:00,-200,0.0,0.0,233.75,0.0
2024-10-21 12:41:55+00:00,0,0.0,0.0,233.75,0.0
2024-10-21 12:41:56+00:00,0,0.0,0.0,233.75,0.0
2024-10-21 12:41:57+00:00,0,0.0,0.0,233.75,0.0
2024-10-21 12:41:58+00:00,0,0.0,0.0,233.75,0.0
2024-10-21 12:41:59+00:00,0,0.0,0.0,233.75,0.0
2024-10-21 12:42:00+00:00,2,0.0,0.0,233.75,0.0
2024-10-21 12:42:01+00:00,-401,0.0,0.0,233.75,0.0
2024-10-21 12:42:02+00:00,0,0.0,0.0,233.75,0.0
2024-10-21 12:42:03+00:00,0,0.0,0.0,233.75,0.0
2024-10-21 12:42:04+00:00,0,0.0,0.0,233.75,0.0
2024-10-21 12:42:05+00:00,0,0.0,0.0,233.75,0.0
2024-10-21 12:42:06+00:00,800,0.0,0.0,233.75,0.0
2024-10-21 12:42:07+00:00,0,0.0,0.0,233.75,0.0
2024-10-21 12:42:08+00:00,0,0.0,0.0,233.75,0.0
2024-10-21 12:42:09+00:00,0,0.0,0.0,233.75,0.0
2024-10-21 12:42:10+00:00,0,0.0,0.0,233.75,0.0
2024-10-21 12:42:11+00:00,400,0.0,0.0,233.775,0.00010695187165787878
2024-10-21 12:42:12+00:00,0,0.0,0.0,233.775,0.0
2024-10-21 12:42:13+00:00,0,0.0,0.0,233.775,0.0
2024-10-21 12:42:14+00:00,-200,0.0,0.0,233.775,0.0
2024-10-21 12:42:15+00:00,0,0.0,0.0,233.775,0.0
2024-10-21 12:42:16+00:00,200,0.0,0.0,233.775,0.0
2024-10-21 12:42:17+00:00,0,0.0,0.0,233.775,0.0
2024-10-21 12:42:18+00:00,0,0.0,0.0,233.775,0.0
2024-10-21 12:42:19+00:00,-20,0.0,0.0,233.765,-4.277617367132169e-05
2024-10-21 12:42:20+00:00,400,0.0,0.0,233.765,0.0
2024-10-21 12:42:21+00:00,0,0.0,0.0,233.765,0.0
2024-10-21 12:42:22+00:00,0,0.0,0.0,233.765,0.0
2024-10-21 12:42:23+00:00,100,0.0,0.0,233.775,4.277800355056982e-05
2024-10-21 12:42:24+00:00,0,0.0,0.0,233.775,0.0
2024-10-21 12:42:25+00:00,0,0.0,0.0,233.775,0.0
2024-10-21 12:42:26+00:00,0,0.0,0.0,233.775,0.0
2024-10-21 12:42:27+00:00,0,0.0,0.0,233.775,0.0
2024-10-21 12:42:28+00:00,0,0.0,0.0,233.775,0.0
2024-10-21 12:42:29+00:00,0,0.0,0.0,233.775,0.0
2024-10-21 12:42:30+00:00,281,0.0,0.0,233.79500000000002,8.555234734264339e-05
2024-10-21 12:42:31+00:00,-301,0.0,0.0,233.78,-6.415877157339711e-05
2024-10-21 12:42:32+00:00,0,0.0,0.0,233.78,0.0
2024-10-21 12:42:33+00:00,0,0.0,0.0,233.78,0.0
2024-10-21 12:42:34+00:00,0,0.0,0.0,233.78,0.0
2024-10-21 12:42:35+00:00,0,0.0,0.0,233.78,0.0
2024-10-21 12:42:36+00:00,307,0.0,0.0,233.825,0.00019248866455634506
2024-10-21 12:42:37+00:00,0,0.0,0.0,233.825,0.0
2024-10-21 12:42:38+00:00,200,0.0,0.0,233.825,0.0
2024-10-21 12:42:39+00:00,-200,0.0,0.0,233.825,0.0
2024-10-21 12:42:40+00:00,200,0.0,0.0,233.825,0.0
2024-10-21 12:42:41+00:00,0,0.0,0.0,233.825,0.0
2024-10-21 12:42:42+00:00,-200,0.0,0.0,233.825,0.0
2024-10-21 12:42:43+00:00,0,0.0,0.0,233.825,0.0
2024-10-21 12:42:44+00:00,0,0.0,0.0,233.825,0.0
2024-10-21 12:42:45+00:00,0,0.0,0.0,233.825,0.0
2024-10-21 12:42:46+00:00,0,0.0,0.0,233.825,0.0
2024-10-21 12:42:47+00:00,0,0.0,0.0,233.825,0.0
2024-10-21 12:42:48+00:00,0,0.0,0.0,233.825,0.0
2024-10-21 12:42:49+00:00,0,0.0,0.0,233.825,0.0
2024-10-21 12:42:50+00:00,0,0.0,0.0,233.825,0.0
2024-10-21 12:42:51+00:00,0,0.0,0.0,233.825,0.0
2024-10-21 12:42:52+00:00,0,0.0,0.0,233.825,0.0
2024-10-21 12:42:53+00:00,0,0.0,0.0,233.825,0.0
2024-10-21 12:42:54+00:00,0,0.0,0.0,233.825,0.0
2024-10-21 12:42:55+00:00,0,0.0,0.0,233.825,0.0
2024-10-21 12:42:56+00:00,0,0.0,0.0,233.825,0.0
2024-10-21 12:42:57+00:00,0,0.0,0.0,233.825,0.0
2024-10-21 12:42:58+00:00,0,0.0,0.0,233.825,0.0
2024-10-21 12:42:59+00:00,0,0.0,0.0,233.825,0.0
2024-10-21 12:43:00+00:00,-2,0.0,0.0,233.825,0.0
2024-10-21 12:43:01+00:00,0,0.0,0.0,233.825,0.0
2024-10-21 12:43:02+00:00,200,0.0,0.0,233.825,0.0
2024-10-21 12:43:03+00:00,0,0.0,0.0,233.825,0.0
2024-10-21 12:43:04+00:00,0,0.0,0.0,233.825,0.0
2024-10-21 12:43:05+00:00,-128,0.0,0.0,233.79500000000002,-0.0001283010798672768
2024-10-21 12:43:06+00:00,-800,0.0,0.0,233.79500000000002,0.0
2024-10-21 12:43:07+00:00,0,0.0,0.0,233.79500000000002,0.0
2024-10-21 12:43:08+00:00,200,0.0,0.0,233.79500000000002,0.0
2024-10-21 12:43:09+00:00,-400,0.0,0.0,233.79500000000002,0.0
2024-10-21 12:43:10+00:00,0,0.0,0.0,233.79500000000002,0.0
2024-10-21 12:43:11+00:00,0,0.0,0.0,233.79500000000002,0.0
2024-10-21 12:43:12+00:00,-400,0.0,0.0,233.79500000000002,0.0
2024-10-21 12:43:13+00:00,200,0.0,0.0,233.79500000000002,0.0
2024-10-21 12:43:14+00:00,0,0.0,0.0,233.79500000000002,0.0
2024-10-21 12:43:15+00:00,0,0.0,0.0,233.79500000000002,0.0
2024-10-21 12:43:16+00:00,0,0.0,0.0,233.79500000000002,0.0
2024-10-21 12:43:17+00:00,0,0.0,0.0,233.79500000000002,0.0
2024-10-21 12:43:18+00:00,0,0.0,0.0,233.79500000000002,0.0
2024-10-21 12:43:19+00:00,-200,0.0,0.0,233.775,-8.554502876456649e-05
2024-10-21 12:43:20+00:00,0,0.0,0.0,233.775,0.0
2024-10-21 12:43:21+00:00,0,0.0,0.0,233.775,0.0
2024-10-21 12:43:22+00:00,0,0.0,0.0,233.775,0.0
2024-10-21 12:43:23+00:00,0,0.0,0.0,233.775,0.0
2024-10-21 12:43:24+00:00,0,0.0,0.0,233.775,0.0
2024-10-21 12:43:25+00:00,0,0.0,0.0,233.775,0.0
2024-10-21 12:43:26+00:00,0,0.0,0.0,233.775,0.0
2024-10-21 12:43:27+00:00,50,0.0,0.0,233.78500000000003,4.2776173671432716e-05
2024-10-21 12:43:28+00:00,-600,0.0,0.0,233.78500000000003,0.0
2024-10-21 12:43:29+00:00,800,0.0,0.0,233.78500000000003,0.0
2024-10-21 12:43:30+00:00,-200,0.0,0.0,233.78500000000003,0.0
2024-10-21 12:43:31+00:00,-200,0.0,0.0,233.78500000000003,0.0
2024-10-21 12:43:32+00:00,650,0.0,0.0,233.8,6.416151592270047e-05
2024-10-21 12:43:33+00:00,600,0.0,0.0,233.8,0.0
2024-10-21 12:43:34+00:00,0,0.0,0.0,233.8,0.0
2024-10-21 12:43:35+00:00,0,0.0,0.0,233.8,0.0
2024-10-21 12:43:36+00:00,0,0.0,0.0,233.8,0.0
2024-10-21 12:43:37+00:00,0,0.0,0.0,233.8,0.0
2024-10-21 12:43:38+00:00,0,0.0,0.0,233.8,0.0
2024-10-21 12:43:39+00:00,0,0.0,0.0,233.8,0.0
2024-10-21 12:43:40+00:00,0,0.0,0.0,233.8,0.0
2024-10-21 12:43:41+00:00,0,0.0,0.0,233.8,0.0
2024-10-21 12:43:42+00:00,0,0.0,0.0,233.8,0.0
2024-10-21 12:43:43+00:00,0,0.0,0.0,233.8,0.0
2024-10-21 12:43:44+00:00,0,0.0,0.0,233.8,0.0
2024-10-21 12:43:45+00:00,0,0.0,0.0,233.8,0.0
2024-10-21 12:43:46+00:00,0,0.0,0.0,233.8,0.0
2024-10-21 12:43:47+00:00,0,0.0,0.0,233.8,0.0
2024-10-21 12:43:48+00:00,10,0.0,0.0,233.81,4.27715996578204e-05
2024-10-21 12:43:49+00:00,400,0.0,0.0,233.81,0.0
2024-10-21 12:43:50+00:00,0,0.0,0.0,233.81,0.0
2024-10-21 12:43:51+00:00,0,0.0,0.0,233.81,0.0
2024-10-21 12:43:52+00:00,0,0.0,0.0,233.81,0.0
2024-10-21 12:43:53+00:00,0,0.0,0.0,233.81,0.0
2024-10-21 12:43:54+00:00,-100,0.0,0.0,233.81,0.0
2024-10-21 12:43:55+00:00,0,0.0,0.0,233.81,0.0
2024-10-21 12:43:56+00:00,0,0.0,0.0,233.81,0.0
2024-10-21 12:43:57+00:00,0,0.0,0.0,233.81,0.0
2024-10-21 12:43:58+00:00,0,0.0,0.0,233.81,0.0
2024-10-21 12:43:59+00:00,-200,0.0,0.0,233.81,0.0
2024-10-21 12:44:00+00:00,2,0.0,0.0,233.81,0.0
2024-10-21 12:44:01+00:00,-326,0.0,0.0,233.765,-0.0001924639664685479
2024-10-21 12:44:02+00:00,0,0.0,0.0,233.765,0.0
2024-10-21 12:44:03+00:00,-200,0.0,0.0,233.765,0.0
2024-10-21 12:44:04+00:00,0,0.0,0.0,233.765,0.0
2024-10-21 12:44:05+00:00,0,0.0,0.0,233.765,0.0
2024-10-21 12:44:06+00:00,0,0.0,0.0,233.765,0.0
2024-10-21 12:44:07+00:00,0,0.0,0.0,233.765,0.0
2024-10-21 12:44:08+00:00,0,0.0,0.0,233.765,0.0
2024-10-21 12:44:09+00:00,0,0.0,0.0,233.765,0.0
2024-10-21 12:44:10+00:00,-120,0.0,0.0,233.75,-6.416700532585473e-05
2024-10-21 12:44:11+00:00,0,0.0,0.0,233.75,0.0
2024-10-21 12:44:12+00:00,0,0.0,0.0,233.75,0.0
2024-10-21 12:44:13+00:00,0,0.0,0.0,233.75,0.0
2024-10-21 12:44:14+00:00,0,0.0,0.0,233.75,0.0
2024-10-21 12:44:15+00:00,0,0.0,0.0,233.75,0.0
2024-10-21 12:44:16+00:00,0,0.0,0.0,233.75,0.0
2024-10-21 12:44:17+00:00,0,0.0,0.0,233.75,0.0
2024-10-21 12:44:18+00:00,0,0.0,0.0,233.75,0.0
2024-10-21 12:44:19+00:00,0,0.0,0.0,233.75,0.0
2024-10-21 12:44:20+00:00,0,0.0,0.0,233.75,0.0
2024-10-21 12:44:21+00:00,0,0.0,0.0,233.75,0.0
2024-10-21 12:44:22+00:00,1,0.0,0.0,233.78,0.0001283422459892325
2024-10-21 12:44:23+00:00,0,0.0,0.0,233.78,0.0
2024-10-21 12:44:24+00:00,200,0.0,0.0,233.75,-0.0001283257763708967
2024-10-21 12:44:25+00:00,0,0.0,0.0,233.75,0.0
2024-10-21 12:44:26+00:00,0,0.0,0.0,233.75,0.0
2024-10-21 12:44:27+00:00,0,0.0,0.0,233.75,0.0
2024-10-21 12:44:28+00:00,0,0.0,0.0,233.75,0.0
2024-10-21 12:44:29+00:00,0,0.0,0.0,233.75,0.0
2024-10-21 12:44:30+00:00,0,0.0,0.0,233.75,0.0
2024-10-21 12:44:31+00:00,0,0.0,0.0,233.75,0.0
2024-10-21 12:44:32+00:00,0,0.0,0.0,233.75,0.0
2024-10-21 12:44:33+00:00,0,0.0,0.0,233.75,0.0
2024-10-21 12:44:34+00:00,0,0.0,0.0,233.75,0.0
2024-10-21 12:44:35+00:00,0,0.0,0.0,233.75,0.0
2024-10-21 12:44:36+00:00,0,0.0,0.0,233.75,0.0
2024-10-21 12:44:37+00:00,0,0.0,0.0,233.75,0.0
2024-10-21 12:44:38+00:00,0,0.0,0.0,233.75,0.0
2024-10-21 12:44:39+00:00,0,0.0,0.0,233.75,0.0
2024-10-21 12:44:40+00:00,0,0.0,0.0,233.75,0.0
2024-10-21 12:44:41+00:00,0,0.0,0.0,233.75,0.0
2024-10-21 12:44:42+00:00,0,0.0,0.0,233.75,0.0
2024-10-21 12:44:43+00:00,400,0.0,0.0,233.75,0.0
2024-10-21 12:44:44+00:00,-200,0.0,0.0,233.75,0.0
2024-10-21 12:44:45+00:00,0,0.0,0.0,233.75,0.0
2024-10-21 12:44:46+00:00,0,0.0,0.0,233.75,0.0
2024-10-21 12:44:47+00:00,0,0.0,0.0,233.75,0.0
2024-10-21 12:44:48+00:00,0,0.0,0.0,233.75,0.0
2024-10-21 12:44:49+00:00,0,0.0,0.0,233.75,0.0
2024-10-21 12:44:50+00:00,0,0.0,0.0,233.75,0.0
2024-10-21 12:44:51+00:00,0,0.0,0.0,233.75,0.0
2024-10-21 12:44:52+00:00,0,0.0,0.0,233.75,0.0
2024-10-21 12:44:53+00:00,0,0.0,0.0,233.75,0.0
2024-10-21 12:44:54+00:00,0,0.0,0.0,233.75,0.0
2024-10-21 12:44:55+00:00,0,0.0,0.0,233.75,0.0
2024-10-21 12:44:56+00:00,100,0.0,0.0,233.77,8.556149732630303e-05
2024-10-21 12:44:57+00:00,0,0.0,0.0,233.77,0.0
2024-10-21 12:44:58+00:00,0,0.0,0.0,233.77,0.0
2024-10-21 12:44:59+00:00,-90,0.0,0.0,233.775,2.138854429567516e-05
2024-10-21 12:45:00+00:00,400,0.0,0.0,233.815,0.00017110469468506473
2024-10-21 12:45:01+00:00,400,0.0,0.0,233.815,0.0
2024-10-21 12:45:02+00:00,0,0.0,0.0,233.815,0.0
2024-10-21 12:45:03+00:00,200,0.0,0.0,233.815,0.0
2024-10-21 12:45:04+00:00,185,0.0,0.0,233.775,-0.0001710754228769762
2024-10-21 12:45:05+00:00,0,0.0,0.0,233.775,0.0
2024-10-21 12:45:06+00:00,0,0.0,0.0,233.775,0.0
2024-10-21 12:45:07+00:00,30,0.0,0.0,233.775,0.0
2024-10-21 12:45:08+00:00,100,0.0,0.0,233.82999999999998,0.00023526895519188074
2024-10-21 12:45:09+00:00,0,0.0,0.0,233.82999999999998,0.0
2024-10-21 12:45:10+00:00,-200,0.0,0.0,233.82999999999998,0.0
2024-10-21 12:45:11+00:00,200,0.0,0.0,233.82999999999998,0.0
2024-10-21 12:45:12+00:00,0,0.0,0.0,233.82999999999998,0.0
2024-10-21 12:45:13+00:00,0,0.0,0.0,233.82999999999998,0.0
2024-10-21 12:45:14+00:00,0,0.0,0.0,233.82999999999998,0.0
2024-10-21 12:45:15+00:00,0,0.0,0.0,233.82999999999998,0.0
2024-10-21 12:45:16+00:00,-100,0.0,0.0,233.82,-4.2766112132719414e-05
2024-10-21 12:45:17+00:00,200,0.0,0.0,233.82,0.0
2024-10-21 12:45:18+00:00,0,0.0,0.0,233.82,0.0
2024-10-21 12:45:19+00:00,0,0.0,0.0,233.82,0.0
2024-10-21 12:45:20+00:00,0,0.0,0.0,233.82,0.0
2024-10-21 12:45:21+00:00,0,0.0,0.0,233.82,0.0
2024-10-21 12:45:22+00:00,0,0.0,0.0,233.82,0.0
2024-10-21 12:45:23+00:00,0,0.0,0.0,233.82,0.0
2024-10-21 12:45:24+00:00,0,0.0,0.0,233.82,0.0
2024-10-21 12:45:25+00:00,0,0.0,0.0,233.82,0.0
2024-10-21 12:45:26+00:00,0,0.0,0.0,233.82,0.0
2024-10-21 12:45:27+00:00,0,0.0,0.0,233.82,0.0
2024-10-21 12:45:28+00:00,0,0.0,0.0,233.82,0.0
2024-10-21 12:45:29+00:00,0,0.0,0.0,233.82,0.0
2024-10-21 12:45:30+00:00,0,0.0,0.0,233.82,0.0
2024-10-21 12:45:31+00:00,0,0.0,0.0,233.82,0.0
2024-10-21 12:45:32+00:00,0,0.0,0.0,233.82,0.0
2024-10-21 12:45:33+00:00,0,0.0,0.0,233.82,0.0
2024-10-21 12:45:34+00:00,0,0.0,0.0,233.82,0.0
2024-10-21 12:45:35+00:00,0,0.0,0.0,233.82,0.0
2024-10-21 12:45:36+00:00,0,0.0,0.0,233.82,0.0
2024-10-21 12:45:37+00:00,0,0.0,0.0,233.82,0.0
2024-10-21 12:45:38+00:00,0,0.0,0.0,233.82,0.0
2024-10-21 12:45:39+00:00,0,0.0,0.0,233.825,2.1383970575605815e-05
2024-10-21 12:45:40+00:00,400,0.0,0.0,233.825,0.0
2024-10-21 12:45:41+00:00,-200,0.0,0.0,233.825,0.0
2024-10-21 12:45:42+00:00,-200,0.0,0.0,233.825,0.0
2024-10-21 12:45:43+00:00,0,0.0,0.0,233.825,0.0
2024-10-21 12:45:44+00:00,0,0.0,0.0,233.825,0.0
2024-10-21 12:45:45+00:00,0,0.0,0.0,233.825,0.0
2024-10-21 12:45:46+00:00,200,0.0,0.0,233.825,0.0
2024-10-21 12:45:47+00:00,0,0.0,0.0,233.825,0.0
2024-10-21 12:45:48+00:00,0,0.0,0.0,233.825,0.0
2024-10-21 12:45:49+00:00,0,0.0,0.0,233.825,0.0
2024-10-21 12:45:50+00:00,0,0.0,0.0,233.825,0.0
2024-10-21 12:45:51+00:00,0,0.0,0.0,233.825,0.0
2024-10-21 12:45:52+00:00,0,0.0,0.0,233.825,0.0
2024-10-21 12:45:53+00:00,0,0.0,0.0,233.825,0.0
2024-10-21 12:45:54+00:00,0,0.0,0.0,233.825,0.0
2024-10-21 12:45:55+00:00,0,0.0,0.0,233.825,0.0
2024-10-21 12:45:56+00:00,0,0.0,0.0,233.825,0.0
2024-10-21 12:45:57+00:00,0,0.0,0.0,233.825,0.0
2024-10-21 12:45:58+00:00,0,0.0,0.0,233.825,0.0
2024-10-21 12:45:59+00:00,0,0.0,0.0,233.825,0.0
2024-10-21 12:46:00+00:00,-2,0.0,0.0,233.825,0.0
2024-10-21 12:46:01+00:00,200,0.0,0.0,233.825,0.0
2024-10-21 12:46:02+00:00,0,0.0,0.0,233.825,0.0
2024-10-21 12:46:03+00:00,0,0.0,0.0,233.825,0.0
2024-10-21 12:46:04+00:00,0,0.0,0.0,233.825,0.0
2024-10-21 12:46:05+00:00,0,0.0,0.0,233.825,0.0
2024-10-21 12:46:06+00:00,0,0.0,0.0,233.825,0.0
2024-10-21 12:46:07+00:00,0,0.0,0.0,233.825,0.0
2024-10-21 12:46:08+00:00,0,0.0,0.0,233.825,0.0
2024-10-21 12:46:09+00:00,0,0.0,0.0,233.825,0.0
2024-10-21 12:46:10+00:00,-200,0.0,0.0,233.825,0.0
2024-10-21 12:46:11+00:00,0,0.0,0.0,233.825,0.0
2024-10-21 12:46:12+00:00,179,0.0,0.0,233.79000000000002,-0.0001496845931785451
2024-10-21 12:46:13+00:00,0,0.0,0.0,233.79000000000002,0.0
2024-10-21 12:46:14+00:00,0,0.0,0.0,233.79000000000002,0.0
2024-10-21 12:46:15+00:00,0,0.0,0.0,233.79000000000002,0.0
2024-10-21 12:46:16+00:00,21,0.0,0.0,233.825,0.00014970700201022424
2024-10-21 12:46:17+00:00,0,0.0,0.0,233.825,0.0
2024-10-21 12:46:18+00:00,0,0.0,0.0,233.825,0.0
2024-10-21 12:46:19+00:00,200,0.0,0.0,233.825,0.0
2024-10-21 12:46:20+00:00,0,0.0,0.0,233.825,0.0
2024-10-21 12:46:21+00:00,0,0.0,0.0,233.825,0.0
2024-10-21 12:46:22+00:00,0,0.0,0.0,233.825,0.0
2024-10-21 12:46:23+00:00,400,0.0,0.0,233.825,0.0
2024-10-21 12:46:24+00:00,0,0.0,0.0,233.825,0.0
2024-10-21 12:46:25+00:00,-200,0.0,0.0,233.825,0.0
2024-10-21 12:46:26+00:00,-200,0.0,0.0,233.815,-4.27670266224256e-05
2024-10-21 12:46:27+00:00,0,0.0,0.0,233.815,0.0
2024-10-21 12:46:28+00:00,0,0.0,0.0,233.815,0.0
2024-10-21 12:46:29+00:00,0,0.0,0.0,233.815,0.0
2024-10-21 12:46:30+00:00,-1,0.0,0.0,233.79000000000002,-0.00010692213929808236
2024-10-21 12:46:31+00:00,0,0.0,0.0,233.79000000000002,0.0
2024-10-21 12:46:32+00:00,0,0.0,0.0,233.79000000000002,0.0
2024-10-21 12:46:33+00:00,0,0.0,0.0,233.79000000000002,0.0
2024-10-21 12:46:34+00:00,0,0.0,0.0,233.79000000000002,0.0
2024-10-21 12:46:35+00:00,0,0.0,0.0,233.79000000000002,0.0
2024-10-21 12:46:36+00:00,0,0.0,0.0,233.79000000000002,0.0
2024-10-21 12:46:37+00:00,0,0.0,0.0,233.79000000000002,0.0
2024-10-21 12:46:38+00:00,0,0.0,0.0,233.79000000000002,0.0
2024-10-21 12:46:39+00:00,0,0.0,0.0,233.79000000000002,0.0
2024-10-21 12:46:40+00:00,200,0.0,0.0,233.79000000000002,0.0
2024-10-21 12:46:41+00:00,0,0.0,0.0,233.79000000000002,0.0
2024-10-21 12:46:42+00:00,400,0.0,0.0,233.79000000000002,0.0
2024-10-21 12:46:43+00:00,0,0.0,0.0,233.79000000000002,0.0
2024-10-21 12:46:44+00:00,0,0.0,0.0,233.79000000000002,0.0
2024-10-21 12:46:45+00:00,0,0.0,0.0,233.79000000000002,0.0
2024-10-21 12:46:46+00:00,-600,0.0,0.0,233.79000000000002,0.0
2024-10-21 12:46:47+00:00,0,0.0,0.0,233.79000000000002,0.0
2024-10-21 12:46:48+00:00,0,0.0,0.0,233.79000000000002,0.0
2024-10-21 12:46:49+00:00,0,0.0,0.0,233.79000000000002,0.0
2024-10-21 12:46:50+00:00,0,0.0,0.0,233.79000000000002,0.0
2024-10-21 12:46:51+00:00,0,0.0,0.0,233.79000000000002,0.0
2024-10-21 12:46:52+00:00,9,0.0,0.0,233.79000000000002,0.0
2024-10-21 12:46:53+00:00,0,0.0,0.0,233.79000000000002,0.0
2024-10-21 12:46:54+00:00,0,0.0,0.0,233.79000000000002,0.0
2024-10-21 12:46:55+00:00,0,0.0,0.0,233.79000000000002,0.0
2024-10-21 12:46:56+00:00,0,0.0,0.0,233.79000000000002,0.0
2024-10-21 12:46:57+00:00,0,0.0,0.0,233.79000000000002,0.0
2024-10-21 12:46:58+00:00,0,0.0,0.0,233.79000000000002,0.0
2024-10-21 12:46:59+00:00,0,0.0,0.0,233.79000000000002,0.0
2024-10-21 12:47:00+00:00,2,0.0,0.0,233.79000000000002,0.0
2024-10-21 12:47:01+00:00,0,0.0,0.0,233.79000000000002,0.0
2024-10-21 12:47:02+00:00,-400,0.0,0.0,233.79000000000002,0.0
2024-10-21 12:47:03+00:00,0,0.0,0.0,233.79000000000002,0.0
2024-10-21 12:47:04+00:00,0,0.0,0.0,233.79000000000002,0.0
2024-10-21 12:47:05+00:00,0,0.0,0.0,233.79000000000002,0.0
2024-10-21 12:47:06+00:00,0,0.0,0.0,233.79000000000002,0.0
2024-10-21 12:47:07+00:00,0,0.0,0.0,233.79000000000002,0.0
2024-10-21 12:47:08+00:00,0,0.0,0.0,233.765,-0.00010693357286473137
2024-10-21 12:47:09+00:00,-200,0.0,0.0,233.765,0.0
2024-10-21 12:47:10+00:00,-200,0.0,0.0,233.765,0.0
2024-10-21 12:47:11+00:00,200,0.0,0.0,233.765,0.0
2024-10-21 12:47:12+00:00,0,0.0,0.0,233.765,0.0
2024-10-21 12:47:13+00:00,0,0.0,0.0,233.765,0.0
2024-10-21 12:47:14+00:00,0,0.0,0.0,233.765,0.0
2024-10-21 12:47:15+00:00,0,0.0,0.0,233.765,0.0
2024-10-21 12:47:16+00:00,0,0.0,0.0,233.765,0.0
2024-10-21 12:47:17+00:00,0,0.0,0.0,233.765,0.0
2024-10-21 12:47:18+00:00,0,0.0,0.0,233.765,0.0
2024-10-21 12:47:19+00:00,1,0.0,0.0,233.78,6.416700532585473e-05
2024-10-21 12:47:20+00:00,0,0.0,0.0,233.78,0.0
2024-10-21 12:47:21+00:00,0,0.0,0.0,233.78,0.0
2024-10-21 12:47:22+00:00,0,0.0,0.0,233.78,0.0
2024-10-21 12:47:23+00:00,0,0.0,0.0,233.78,0.0
2024-10-21 12:47:24+00:00,0,0.0,0.0,233.78,0.0
2024-10-21 12:47:25+00:00,-200,0.0,0.0,233.8,8.555051758074583e-05
2024-10-21 12:47:26+00:00,0,0.0,0.0,233.8,0.0
2024-10-21 12:47:27+00:00,-200,0.0,0.0,233.8,0.0
2024-10-21 12:47:28+00:00,0,0.0,0.0,233.8,0.0
2024-10-21 12:47:29+00:00,200,0.0,0.0,233.8,0.0
2024-10-21 12:47:30+00:00,400,0.0,0.0,233.8,0.0
2024-10-21 12:47:31+00:00,0,0.0,0.0,233.8,0.0
2024-10-21 12:47:32+00:00,0,0.0,0.0,233.8,0.0
2024-10-21 12:47:33+00:00,0,0.0,0.0,233.8,0.0
2024-10-21 12:47:34+00:00,200,0.0,0.0,233.8,0.0
2024-10-21 12:47:35+00:00,0,0.0,0.0,233.8,0.0
2024-10-21 12:47:36+00:00,0,0.0,0.0,233.8,0.0
2024-10-21 12:47:37+00:00,0,0.0,0.0,233.8,0.0
2024-10-21 12:47:38+00:00,1000,0.0,0.0,233.8,0.0
2024-10-21 12:47:39+00:00,0,0.0,0.0,233.8,0.0
2024-10-21 12:47:40+00:00,200,0.0,0.0,233.8,0.0
2024-10-21 12:47:41+00:00,0,0.0,0.0,233.8,0.0
2024-10-21 12:47:42+00:00,0,0.0,0.0,233.8,0.0
2024-10-21 12:47:43+00:00,0,0.0,0.0,233.8,0.0
2024-10-21 12:47:44+00:00,0,0.0,0.0,233.8,0.0
2024-10-21 12:47:45+00:00,0,0.0,0.0,233.8,0.0
2024-10-21 12:47:46+00:00,0,0.0,0.0,233.8,0.0
2024-10-21 12:47:47+00:00,0,0.0,0.0,233.8,0.0
2024-10-21 12:47:48+00:00,0,0.0,0.0,233.8,0.0
2024-10-21 12:47:49+00:00,0,0.0,0.0,233.8,0.0
2024-10-21 12:47:50+00:00,0,0.0,0.0,233.8,0.0
2024-10-21 12:47:51+00:00,0,0.0,0.0,233.8,0.0
2024-10-21 12:47:52+00:00,0,0.0,0.0,233.8,0.0
2024-10-21 12:47:53+00:00,0,0.0,0.0,233.8,0.0
2024-10-21 12:47:54+00:00,0,0.0,0.0,233.8,0.0
2024-10-21 12:47:55+00:00,0,0.0,0.0,233.8,0.0
2024-10-21 12:47:56+00:00,0,0.0,0.0,233.8,0.0
2024-10-21 12:47:57+00:00,0,0.0,0.0,233.8,0.0
2024-10-21 12:47:58+00:00,0,0.0,0.0,233.8,0.0
2024-10-21 12:47:59+00:00,0,0.0,0.0,233.8,0.0
2024-10-21 12:48:00+00:00,0,0.0,0.0,233.8,0.0
2024-10-21 12:48:01+00:00,0,0.0,0.0,233.8,0.0
2024-10-21 12:48:02+00:00,0,0.0,0.0,233.8,0.0
2024-10-21 12:48:03+00:00,0,0.0,0.0,233.8,0.0
2024-10-21 12:48:04+00:00,0,0.0,0.0,233.8,0.0
2024-10-21 12:48:05+00:00,0,0.0,0.0,233.8,0.0
2024-10-21 12:48:06+00:00,200,0.0,0.0,233.8,0.0
2024-10-21 12:48:07+00:00,0,0.0,0.0,233.8,0.0
2024-10-21 12:48:08+00:00,-328,0.0,0.0,233.76,-0.00017108639863139263
2024-10-21 12:48:09+00:00,0,0.0,0.0,233.76,0.0
2024-10-21 12:48:10+00:00,0,0.0,0.0,233.76,0.0
2024-10-21 12:48:11+00:00,0,0.0,0.0,233.76,0.0
2024-10-21 12:48:12+00:00,-28,0.0,0.0,233.76,0.0
2024-10-21 12:48:13+00:00,200,0.0,0.0,233.76,0.0
2024-10-21 12:48:14+00:00,0,0.0,0.0,233.76,0.0
2024-10-21 12:48:15+00:00,0,0.0,0.0,233.76,0.0
2024-10-21 12:48:16+00:00,200,0.0,0.0,233.76,0.0
2024-10-21 12:48:17+00:00,0,0.0,0.0,233.76,0.0
2024-10-21 12:48:18+00:00,0,0.0,0.0,233.76,0.0
2024-10-21 12:48:19+00:00,200,0.0,0.0,233.76,0.0
2024-10-21 12:48:20+00:00,-190,0.0,0.0,233.81,0.00021389459274478995
2024-10-21 12:48:21+00:00,400,0.0,0.0,233.81,0.0
2024-10-21 12:48:22+00:00,0,0.0,0.0,233.81,0.0
2024-10-21 12:48:23+00:00,0,0.0,0.0,233.81,0.0
2024-10-21 12:48:24+00:00,0,0.0,0.0,233.81,0.0
2024-10-21 12:48:25+00:00,0,0.0,0.0,233.81,0.0
2024-10-21 12:48:26+00:00,391,0.0,0.0,233.85000000000002,0.00017107908130542526
2024-10-21 12:48:27+00:00,-400,0.0,0.0,233.85000000000002,0.0
2024-10-21 12:48:28+00:00,200,0.0,0.0,233.85000000000002,0.0
2024-10-21 12:48:29+00:00,0,0.0,0.0,233.85000000000002,0.0
2024-10-21 12:48:30+00:00,200,0.0,0.0,233.85000000000002,0.0
2024-10-21 12:48:31+00:00,0,0.0,0.0,233.85000000000002,0.0
2024-10-21 12:48:32+00:00,0,0.0,0.0,233.85000000000002,0.0
2024-10-21 12:48:33+00:00,600,0.0,0.0,233.85000000000002,0.0
2024-10-21 12:48:34+00:00,0,0.0,0.0,233.85000000000002,0.0
2024-10-21 12:48:35+00:00,0,0.0,0.0,233.85000000000002,0.0
2024-10-21 12:48:36+00:00,0,0.0,0.0,233.85000000000002,0.0
2024-10-21 12:48:37+00:00,-200,0.0,0.0,233.85000000000002,0.0
2024-10-21 12:48:38+00:00,200,0.0,0.0,233.85000000000002,0.0
2024-10-21 12:48:39+00:00,0,0.0,0.0,233.85000000000002,0.0
2024-10-21 12:48:40+00:00,-300,0.0,0.0,233.85000000000002,0.0
2024-10-21 12:48:41+00:00,0,0.0,0.0,233.85000000000002,0.0
2024-10-21 12:48:42+00:00,0,0.0,0.0,233.85000000000002,0.0
2024-10-21 12:48:43+00:00,-1400,0.0,0.0,233.85000000000002,0.0
2024-10-21 12:48:44+00:00,0,0.0,0.0,233.85000000000002,0.0
2024-10-21 12:48:45+00:00,1000,0.0,0.0,233.85000000000002,0.0
2024-10-21 12:48:46+00:00,-200,0.0,0.0,233.85000000000002,0.0
2024-10-21 12:48:47+00:00,0,0.0,0.0,233.85000000000002,0.0
2024-10-21 12:48:48+00:00,0,0.0,0.0,233.85000000000002,0.0
2024-10-21 12:48:49+00:00,0,0.0,0.0,233.85000000000002,0.0
2024-10-21 12:48:50+00:00,0,0.0,0.0,233.85000000000002,0.0
2024-10-21 12:48:51+00:00,0,0.0,0.0,233.85000000000002,0.0
2024-10-21 12:48:52+00:00,0,0.0,0.0,233.85000000000002,0.0
2024-10-21 12:48:53+00:00,0,0.0,0.0,233.85000000000002,0.0
2024-10-21 12:48:54+00:00,0,0.0,0.0,233.85000000000002,0.0
2024-10-21 12:48:55+00:00,0,0.0,0.0,233.85000000000002,0.0
2024-10-21 12:48:56+00:00,0,0.0,0.0,233.85000000000002,0.0
2024-10-21 12:48:57+00:00,0,0.0,0.0,233.85000000000002,0.0
2024-10-21 12:48:58+00:00,0,0.0,0.0,233.85000000000002,0.0
2024-10-21 12:48:59+00:00,-129,0.0,0.0,233.815,-0.0001496685909772033
2024-10-21 12:49:00+00:00,0,0.0,0.0,233.815,0.0
2024-10-21 12:49:01+00:00,0,0.0,0.0,233.815,0.0
2024-10-21 12:49:02+00:00,0,0.0,0.0,233.815,0.0
2024-10-21 12:49:03+00:00,0,0.0,0.0,233.815,0.0
2024-10-21 12:49:04+00:00,0,0.0,0.0,233.815,0.0
2024-10-21 12:49:05+00:00,0,0.0,0.0,233.815,0.0
2024-10-21 12:49:06+00:00,0,0.0,0.0,233.815,0.0
2024-10-21 12:49:07+00:00,1100,0.0,0.0,233.815,0.0
2024-10-21 12:49:08+00:00,200,0.0,0.0,233.815,0.0
2024-10-21 12:49:09+00:00,0,0.0,0.0,233.815,0.0
2024-10-21 12:49:10+00:00,-101,0.0,0.0,233.85000000000002,0.00014969099501760397
2024-10-21 12:49:11+00:00,0,0.0,0.0,233.85000000000002,0.0
2024-10-21 12:49:12+00:00,0,0.0,0.0,233.85000000000002,0.0
2024-10-21 12:49:13+00:00,-800,0.0,0.0,233.85000000000002,0.0
2024-10-21 12:49:14+00:00,200,0.0,0.0,233.85000000000002,0.0
2024-10-21 12:49:15+00:00,0,0.0,0.0,233.85000000000002,0.0
2024-10-21 12:49:16+00:00,1000,0.0,0.0,233.85000000000002,0.0
2024-10-21 12:49:17+00:00,0,0.0,0.0,233.85000000000002,0.0
2024-10-21 12:49:18+00:00,0,0.0,0.0,233.85000000000002,0.0
2024-10-21 12:49:19+00:00,0,0.0,0.0,233.85000000000002,0.0
2024-10-21 12:49:20+00:00,0,0.0,0.0,233.85000000000002,0.0
2024-10-21 12:49:21+00:00,0,0.0,0.0,233.85000000000002,0.0
2024-10-21 12:49:22+00:00,0,0.0,0.0,233.85000000000002,0.0
2024-10-21 12:49:23+00:00,0,0.0,0.0,233.85000000000002,0.0
2024-10-21 12:49:24+00:00,0,0.0,0.0,233.85000000000002,0.0
2024-10-21 12:49:25+00:00,0,0.0,0.0,233.85000000000002,0.0
2024-10-21 12:49:26+00:00,0,0.0,0.0,233.85000000000002,0.0
2024-10-21 12:49:27+00:00,400,0.0,0.0,233.85000000000002,0.0
2024-10-21 12:49:28+00:00,0,0.0,0.0,233.85000000000002,0.0
2024-10-21 12:49:29+00:00,0,0.0,0.0,233.85000000000002,0.0
2024-10-21 12:49:30+00:00,0,0.0,0.0,233.85000000000002,0.0
2024-10-21 12:49:31+00:00,0,0.0,0.0,233.85000000000002,0.0
2024-10-21 12:49:32+00:00,0,0.0,0.0,233.85000000000002,0.0
2024-10-21 12:49:33+00:00,0,0.0,0.0,233.85000000000002,0.0
2024-10-21 12:49:34+00:00,0,0.0,0.0,233.85000000000002,0.0
2024-10-21 12:49:35+00:00,0,0.0,0.0,233.85000000000002,0.0
2024-10-21 12:49:36+00:00,0,0.0,0.0,233.85000000000002,0.0
2024-10-21 12:49:37+00:00,0,0.0,0.0,233.85000000000002,0.0
2024-10-21 12:49:38+00:00,200,0.0,0.0,233.85000000000002,0.0
2024-10-21 12:49:39+00:00,0,0.0,0.0,233.85000000000002,0.0
2024-10-21 12:49:40+00:00,0,0.0,0.0,233.85000000000002,0.0
2024-10-21 12:49:41+00:00,0,0.0,0.0,233.85000000000002,0.0
2024-10-21 12:49:42+00:00,0,0.0,0.0,233.85000000000002,0.0
2024-10-21 12:49:43+00:00,400,0.0,0.0,233.85000000000002,0.0
2024-10-21 12:49:44+00:00,0,0.0,0.0,233.85000000000002,0.0
2024-10-21 12:49:45+00:00,0,0.0,0.0,233.85000000000002,0.0
2024-10-21 12:49:46+00:00,430,0.0,0.0,233.935,0.0003634808638015574
2024-10-21 12:49:47+00:00,-430,0.0,0.0,233.875,-0.00025648150127177693
2024-10-21 12:49:48+00:00,0,0.0,0.0,233.9,0.0001068947087119465
2024-10-21 12:49:49+00:00,0,0.0,0.0,233.905,2.137665669077471e-05
2024-10-21 12:49:50+00:00,0,0.0,0.0,233.905,0.0
2024-10-21 12:49:51+00:00,0,0.0,0.0,233.905,0.0
2024-10-21 12:49:52+00:00,0,0.0,0.0,233.905,0.0
2024-10-21 12:49:53+00:00,0,0.0,0.0,233.905,0.0
2024-10-21 12:49:54+00:00,0,0.0,0.0,233.905,0.0
2024-10-21 12:49:55+00:00,0,0.0,0.0,233.905,0.0
2024-10-21 12:49:56+00:00,0,0.0,0.0,233.905,0.0
2024-10-21 12:49:57+00:00,0,0.0,0.0,233.905,0.0
2024-10-21 12:49:58+00:00,0,0.0,0.0,233.91,2.137619973918703e-05
2024-10-21 12:49:59+00:00,0,0.0,0.0,233.91,0.0
2024-10-21 12:50:00+00:00,200,0.0,0.0,233.91,0.0
2024-10-21 12:50:01+00:00,0,0.0,0.0,233.91,0.0
2024-10-21 12:50:02+00:00,-200,0.0,0.0,233.91,0.0
2024-10-21 12:50:03+00:00,0,0.0,0.0,233.91,0.0
2024-10-21 12:50:04+00:00,0,0.0,0.0,233.91,0.0
2024-10-21 12:50:05+00:00,0,0.0,0.0,233.91,0.0
2024-10-21 12:50:06+00:00,0,0.0,0.0,233.91,0.0
2024-10-21 12:50:07+00:00,0,0.0,0.0,233.91,0.0
2024-10-21 12:50:08+00:00,0,0.0,0.0,233.91500000000002,2.1375742807139275e-05
2024-10-21 12:50:09+00:00,0,0.0,0.0,233.91500000000002,0.0
2024-10-21 12:50:10+00:00,0,0.0,0.0,233.91500000000002,0.0
2024-10-21 12:50:11+00:00,-400,0.0,0.0,233.91500000000002,0.0
2024-10-21 12:50:12+00:00,0,0.0,0.0,233.92000000000002,2.13752858944094e-05
2024-10-21 12:50:13+00:00,0,0.0,0.0,233.92000000000002,0.0
2024-10-21 12:50:14+00:00,-200,0.0,0.0,233.92000000000002,0.0
2024-10-21 12:50:15+00:00,20,0.0,0.0,233.92000000000002,0.0
2024-10-21 12:50:16+00:00,200,0.0,0.0,233.92000000000002,0.0
2024-10-21 12:50:17+00:00,0,0.0,0.0,233.925,2.1374829001441498e-05
2024-10-21 12:50:18+00:00,0,0.0,0.0,233.925,0.0
2024-10-21 12:50:19+00:00,0,0.0,0.0,233.925,0.0
2024-10-21 12:50:20+00:00,-400,0.0,0.0,233.925,0.0
2024-10-21 12:50:21+00:00,0,0.0,0.0,233.925,0.0
2024-10-21 12:50:22+00:00,124,0.0,0.0,233.925,0.0
2024-10-21 12:50:23+00:00,-200,0.0,0.0,233.93,2.1374372127791474e-05
2024-10-21 12:50:24+00:00,0,0.0,0.0,233.93,0.0
2024-10-21 12:50:25+00:00,0,0.0,0.0,233.93,0.0
2024-10-21 12:50:26+00:00,0,0.0,0.0,233.93,0.0
2024-10-21 12:50:27+00:00,0,0.0,0.0,233.93,0.0
2024-10-21 12:50:28+00:00,0,0.0,0.0,233.93,0.0
2024-10-21 12:50:29+00:00,0,0.0,0.0,233.93,0.0
2024-10-21 12:50:30+00:00,0,0.0,0.0,233.935,2.1373915273681376e-05
2024-10-21 12:50:31+00:00,0,0.0,0.0,233.935,0.0
2024-10-21 12:50:32+00:00,0,0.0,0.0,233.935,0.0
2024-10-21 12:50:33+00:00,0,0.0,0.0,233.935,0.0
2024-10-21 12:50:34+00:00,0,0.0,0.0,233.935,0.0
2024-10-21 12:50:35+00:00,0,0.0,0.0,233.935,0.0
2024-10-21 12:50:36+00:00,-400,0.0,0.0,233.935,0.0
2024-10-21 12:50:37+00:00,0,0.0,0.0,233.935,0.0
2024-10-21 12:50:38+00:00,0,0.0,0.0,233.935,0.0
2024-10-21 12:50:39+00:00,0,0.0,0.0,233.935,0.0
2024-10-21 12:50:40+00:00,0,0.0,0.0,233.935,0.0
2024-10-21 12:50:41+00:00,0,0.0,0.0,233.935,0.0
2024-10-21 12:50:42+00:00,0,0.0,0.0,233.935,0.0
2024-10-21 12:50:43+00:00,0,0.0,0.0,233.935,0.0
2024-10-21 12:50:44+00:00,0,0.0,0.0,233.935,0.0
2024-10-21 12:50:45+00:00,200,0.0,0.0,233.935,0.0
2024-10-21 12:50:46+00:00,0,0.0,0.0,233.935,0.0
2024-10-21 12:50:47+00:00,0,0.0,0.0,233.935,0.0
2024-10-21 12:50:48+00:00,0,0.0,0.0,233.935,0.0
2024-10-21 12:50:49+00:00,0,0.0,0.0,233.935,0.0
2024-10-21 12:50:50+00:00,0,0.0,0.0,233.935,0.0
2024-10-21 12:50:51+00:00,0,0.0,0.0,233.935,0.0
2024-10-21 12:50:52+00:00,0,0.0,0.0,233.935,0.0
2024-10-21 12:50:53+00:00,0,0.0,0.0,233.935,0.0
2024-10-21 12:50:54+00:00,0,0.0,0.0,233.94,2.1373458439333248e-05
2024-10-21 12:50:55+00:00,0,0.0,0.0,233.94,0.0
2024-10-21 12:50:56+00:00,0,0.0,0.0,233.94,0.0
2024-10-21 12:50:57+00:00,0,0.0,0.0,233.94,0.0
2024-10-21 12:50:58+00:00,200,0.0,0.0,233.945,2.1373001624303e-05
2024-10-21 12:50:59+00:00,0,0.0,0.0,233.945,0.0
2024-10-21 12:51:00+00:00,0,0.0,0.0,233.945,0.0
2024-10-21 12:51:01+00:00,0,0.0,0.0,233.95,2.137254482881268e-05
2024-10-21 12:51:02+00:00,0,0.0,0.0,233.95,0.0
2024-10-21 12:51:03+00:00,200,0.0,0.0,233.95,0.0
2024-10-21 12:51:04+00:00,0,0.0,0.0,233.95,0.0
2024-10-21 12:51:05+00:00,0,0.0,0.0,233.95,0.0
2024-10-21 12:51:06+00:00,0,0.0,0.0,233.95,0.0
2024-10-21 12:51:07+00:00,0,0.0,0.0,233.95,0.0
2024-10-21 12:51:08+00:00,0,0.0,0.0,233.95,0.0
2024-10-21 12:51:09+00:00,0,0.0,0.0,233.95,0.0
2024-10-21 12:51:10+00:00,0,0.0,0.0,233.95499999999998,2.1372088053084326e-05
2024-10-21 12:51:11+00:00,0,0.0,0.0,233.95499999999998,0.0
2024-10-21 12:51:12+00:00,0,0.0,0.0,233.95499999999998,0.0
2024-10-21 12:51:13+00:00,400,0.0,0.0,233.95499999999998,0.0
2024-10-21 12:51:14+00:00,0,0.0,0.0,233.95499999999998,0.0
2024-10-21 12:51:15+00:00,0,0.0,0.0,233.95499999999998,0.0
2024-10-21 12:51:16+00:00,0,0.0,0.0,233.95499999999998,0.0
2024-10-21 12:51:17+00:00,-10,0.0,0.0,233.95499999999998,0.0
2024-10-21 12:51:18+00:00,200,0.0,0.0,233.95499999999998,0.0
2024-10-21 12:51:19+00:00,0,0.0,0.0,233.95499999999998,0.0
2024-10-21 12:51:20+00:00,0,0.0,0.0,233.95499999999998,0.0
2024-10-21 12:51:21+00:00,0,0.0,0.0,233.95499999999998,0.0
2024-10-21 12:51:22+00:00,-200,0.0,0.0,233.95999999999998,2.1371631296673854e-05
2024-10-21 12:51:23+00:00,0,0.0,0.0,233.95999999999998,0.0
2024-10-21 12:51:24+00:00,0,0.0,0.0,233.95999999999998,0.0
2024-10-21 12:51:25+00:00,200,0.0,0.0,233.965,2.1371174559803308e-05
2024-10-21 12:51:26+00:00,200,0.0,0.0,233.965,0.0
2024-10-21 12:51:27+00:00,0,0.0,0.0,233.965,0.0
2024-10-21 12:51:28+00:00,0,0.0,0.0,233.965,0.0
2024-10-21 12:51:29+00:00,0,0.0,0.0,233.965,0.0
2024-10-21 12:51:30+00:00,0,0.0,0.0,233.965,0.0
2024-10-21 12:51:31+00:00,0,0.0,0.0,233.965,0.0
2024-10-21 12:51:32+00:00,0,0.0,0.0,233.97,2.1370717842472686e-05
2024-10-21 12:51:33+00:00,0,0.0,0.0,233.97,0.0
2024-10-21 12:51:34+00:00,0,0.0,0.0,233.97,0.0
2024-10-21 12:51:35+00:00,0,0.0,0.0,233.97,0.0
2024-10-21 12:51:36+00:00,0,0.0,0.0,233.97,0.0
2024-10-21 12:51:37+00:00,0,0.0,0.0,233.975,2.137026114468199e-05
2024-10-21 12:51:38+00:00,0,0.0,0.0,233.975,0.0
2024-10-21 12:51:39+00:00,200,0.0,0.0,233.975,0.0
2024-10-21 12:51:40+00:00,0,0.0,0.0,233.975,0.0
2024-10-21 12:51:41+00:00,600,0.0,0.0,233.94,-0.00014958863126401933
2024-10-21 12:51:42+00:00,0,0.0,0.0,233.94,0.0
2024-10-21 12:51:43+00:00,0,0.0,0.0,233.94,0.0
2024-10-21 12:51:44+00:00,200,0.0,0.0,233.94,0.0
2024-10-21 12:51:45+00:00,0,0.0,0.0,233.94,0.0
2024-10-21 12:51:46+00:00,0,0.0,0.0,233.94,0.0
2024-10-21 12:51:47+00:00,-200,0.0,0.0,233.94,0.0
2024-10-21 12:51:48+00:00,200,0.0,0.0,233.94,0.0
2024-10-21 12:51:49+00:00,0,0.0,0.0,233.94,0.0
2024-10-21 12:51:50+00:00,0,0.0,0.0,233.94,0.0
2024-10-21 12:51:51+00:00,0,0.0,0.0,233.94,0.0
2024-10-21 12:51:52+00:00,0,0.0,0.0,233.94,0.0
2024-10-21 12:51:53+00:00,200,0.0,0.0,233.875,-0.0002778490211164941
2024-10-21 12:51:54+00:00,0,0.0,0.0,233.875,0.0
2024-10-21 12:51:55+00:00,0,0.0,0.0,233.875,0.0
2024-10-21 12:51:56+00:00,0,0.0,0.0,233.875,0.0
2024-10-21 12:51:57+00:00,20,0.0,0.0,233.875,0.0
2024-10-21 12:51:58+00:00,0,0.0,0.0,233.875,0.0
2024-10-21 12:51:59+00:00,0,0.0,0.0,233.875,0.0
2024-10-21 12:52:00+00:00,0,0.0,0.0,233.875,0.0
2024-10-21 12:52:01+00:00,0,0.0,0.0,233.875,0.0
2024-10-21 12:52:02+00:00,0,0.0,0.0,233.875,0.0
2024-10-21 12:52:03+00:00,0,0.0,0.0,233.875,0.0
2024-10-21 12:52:04+00:00,0,0.0,0.0,233.875,0.0
2024-10-21 12:52:05+00:00,0,0.0,0.0,233.875,0.0
2024-10-21 12:52:06+00:00,-200,0.0,0.0,233.875,0.0
2024-10-21 12:52:07+00:00,0,0.0,0.0,233.875,0.0
2024-10-21 12:52:08+00:00,0,0.0,0.0,233.875,0.0
2024-10-21 12:52:09+00:00,0,0.0,0.0,233.875,0.0
2024-10-21 12:52:10+00:00,0,0.0,0.0,233.875,0.0
2024-10-21 12:52:11+00:00,0,0.0,0.0,233.875,0.0
2024-10-21 12:52:12+00:00,0,0.0,0.0,233.875,0.0
2024-10-21 12:52:13+00:00,0,0.0,0.0,233.875,0.0
2024-10-21 12:52:14+00:00,200,0.0,0.0,233.875,0.0
2024-10-21 12:52:15+00:00,0,0.0,0.0,233.875,0.0
2024-10-21 12:52:16+00:00,0,0.0,0.0,233.875,0.0
2024-10-21 12:52:17+00:00,0,0.0,0.0,233.875,0.0
2024-10-21 12:52:18+00:00,600,0.0,0.0,233.875,0.0
2024-10-21 12:52:19+00:00,0,0.0,0.0,233.875,0.0
2024-10-21 12:52:20+00:00,-204,0.0,0.0,233.87,-2.1378941742367097e-05
2024-10-21 12:52:21+00:00,200,0.0,0.0,233.87,0.0
2024-10-21 12:52:22+00:00,0,0.0,0.0,233.87,0.0
2024-10-21 12:52:23+00:00,0,0.0,0.0,233.87,0.0
2024-10-21 12:52:24+00:00,0,0.0,0.0,233.87,0.0
2024-10-21 12:52:25+00:00,0,0.0,0.0,233.87,0.0
2024-10-21 12:52:26+00:00,0,0.0,0.0,233.87,0.0
2024-10-21 12:52:27+00:00,0,0.0,0.0,233.87,0.0
2024-10-21 12:52:28+00:00,-27,0.0,0.0,233.85000000000002,-8.551759524511038e-05
2024-10-21 12:52:29+00:00,-200,0.0,0.0,233.85000000000002,0.0
2024-10-21 12:52:30+00:00,0,0.0,0.0,233.85000000000002,0.0
2024-10-21 12:52:31+00:00,0,0.0,0.0,233.85000000000002,0.0
2024-10-21 12:52:32+00:00,7,0.0,0.0,233.85000000000002,0.0
2024-10-21 12:52:33+00:00,0,0.0,0.0,233.85000000000002,0.0
2024-10-21 12:52:34+00:00,0,0.0,0.0,233.85000000000002,0.0
2024-10-21 12:52:35+00:00,0,0.0,0.0,233.85000000000002,0.0
2024-10-21 12:52:36+00:00,0,0.0,0.0,233.85000000000002,0.0
2024-10-21 12:52:37+00:00,0,0.0,0.0,233.85000000000002,0.0
2024-10-21 12:52:38+00:00,0,0.0,0.0,233.85000000000002,0.0
2024-10-21 12:52:39+00:00,0,0.0,0.0,233.85000000000002,0.0
2024-10-21 12:52:40+00:00,0,0.0,0.0,233.85000000000002,0.0
2024-10-21 12:52:41+00:00,0,0.0,0.0,233.85000000000002,0.0
2024-10-21 12:52:42+00:00,0,0.0,0.0,233.85000000000002,0.0
2024-10-21 12:52:43+00:00,0,0.0,0.0,233.85000000000002,0.0
2024-10-21 12:52:44+00:00,0,0.0,0.0,233.85000000000002,0.0
2024-10-21 12:52:45+00:00,0,0.0,0.0,233.85000000000002,0.0
2024-10-21 12:52:46+00:00,0,0.0,0.0,233.85000000000002,0.0
2024-10-21 12:52:47+00:00,0,0.0,0.0,233.85000000000002,0.0
2024-10-21 12:52:48+00:00,0,0.0,0.0,233.85000000000002,0.0
2024-10-21 12:52:49+00:00,0,0.0,0.0,233.85000000000002,0.0
2024-10-21 12:52:50+00:00,0,0.0,0.0,233.85000000000002,0.0
2024-10-21 12:52:51+00:00,0,0.0,0.0,233.85000000000002,0.0
2024-10-21 12:52:52+00:00,103,0.0,0.0,233.83,-8.552490912983046e-05
2024-10-21 12:52:53+00:00,0,0.0,0.0,233.83,0.0
2024-10-21 12:52:54+00:00,0,0.0,0.0,233.85000000000002,8.553222426543883e-05
2024-10-21 12:52:55+00:00,0,0.0,0.0,233.85000000000002,0.0
2024-10-21 12:52:56+00:00,0,0.0,0.0,233.85000000000002,0.0
2024-10-21 12:52:57+00:00,-200,0.0,0.0,233.9,0.0002138122728243541
2024-10-21 12:52:58+00:00,0,0.0,0.0,233.9,0.0
2024-10-21 12:52:59+00:00,-200,0.0,0.0,233.895,-2.137665669088573e-05
2024-10-21 12:53:00+00:00,-2,0.0,0.0,233.895,0.0
2024-10-21 12:53:01+00:00,0,0.0,0.0,233.895,0.0
2024-10-21 12:53:02+00:00,-400,0.0,0.0,233.89,-2.137711366223538e-05
2024-10-21 12:53:03+00:00,0,0.0,0.0,233.89,0.0
2024-10-21 12:53:04+00:00,0,0.0,0.0,233.89,0.0
2024-10-21 12:53:05+00:00,0,0.0,0.0,233.89,0.0
2024-10-21 12:53:06+00:00,0,0.0,0.0,233.89,0.0
2024-10-21 12:53:07+00:00,0,0.0,0.0,233.89,0.0
2024-10-21 12:53:08+00:00,0,0.0,0.0,233.89,0.0
2024-10-21 12:53:09+00:00,0,0.0,0.0,233.89,0.0
2024-10-21 12:53:10+00:00,0,0.0,0.0,233.89,0.0
2024-10-21 12:53:11+00:00,-400,0.0,0.0,233.895,2.1377570653013933e-05
2024-10-21 12:53:12+00:00,0,0.0,0.0,233.895,0.0
2024-10-21 12:53:13+00:00,0,0.0,0.0,233.895,0.0
2024-10-21 12:53:14+00:00,0,0.0,0.0,233.895,0.0
2024-10-21 12:53:15+00:00,0,0.0,0.0,233.895,0.0
2024-10-21 12:53:16+00:00,0,0.0,0.0,233.895,0.0
2024-10-21 12:53:17+00:00,0,0.0,0.0,233.895,0.0
2024-10-21 12:53:18+00:00,0,0.0,0.0,233.895,0.0
2024-10-21 12:53:19+00:00,0,0.0,0.0,233.895,0.0
2024-10-21 12:53:20+00:00,0,0.0,0.0,233.895,0.0
2024-10-21 12:53:21+00:00,0,0.0,0.0,233.895,0.0
2024-10-21 12:53:22+00:00,0,0.0,0.0,233.895,0.0
2024-10-21 12:53:23+00:00,0,0.0,0.0,233.895,0.0
2024-10-21 12:53:24+00:00,0,0.0,0.0,233.895,0.0
2024-10-21 12:53:25+00:00,0,0.0,0.0,233.895,0.0
2024-10-21 12:53:26+00:00,-99,0.0,0.0,233.87,-0.00010688556831062179
2024-10-21 12:53:27+00:00,0,0.0,0.0,233.87,0.0
2024-10-21 12:53:28+00:00,-200,0.0,0.0,233.87,0.0
2024-10-21 12:53:29+00:00,0,0.0,0.0,233.87,0.0
2024-10-21 12:53:30+00:00,0,0.0,0.0,233.87,0.0
2024-10-21 12:53:31+00:00,0,0.0,0.0,233.87,0.0
2024-10-21 12:53:32+00:00,0,0.0,0.0,233.87,0.0
2024-10-21 12:53:33+00:00,0,0.0,0.0,233.87,0.0
2024-10-21 12:53:34+00:00,0,0.0,0.0,233.87,0.0
2024-10-21 12:53:35+00:00,-200,0.0,0.0,233.87,0.0
2024-10-21 12:53:36+00:00,0,0.0,0.0,233.87,0.0
2024-10-21 12:53:37+00:00,0,0.0,0.0,233.87,0.0
2024-10-21 12:53:38+00:00,200,0.0,0.0,233.87,0.0
2024-10-21 12:53:39+00:00,0,0.0,0.0,233.87,0.0
2024-10-21 12:53:40+00:00,0,0.0,0.0,233.87,0.0
2024-10-21 12:53:41+00:00,0,0.0,0.0,233.87,0.0
2024-10-21 12:53:42+00:00,-200,0.0,0.0,233.87,0.0
2024-10-21 12:53:43+00:00,-8,0.0,0.0,233.85000000000002,-8.551759524511038e-05
2024-10-21 12:53:44+00:00,0,0.0,0.0,233.85000000000002,0.0
2024-10-21 12:53:45+00:00,0,0.0,0.0,233.85000000000002,0.0
2024-10-21 12:53:46+00:00,0,0.0,0.0,233.85000000000002,0.0
2024-10-21 12:53:47+00:00,0,0.0,0.0,233.85000000000002,0.0
2024-10-21 12:53:48+00:00,0,0.0,0.0,233.85000000000002,0.0
2024-10-21 12:53:49+00:00,0,0.0,0.0,233.85000000000002,0.0
2024-10-21 12:53:50+00:00,0,0.0,0.0,233.85000000000002,0.0
2024-10-21 12:53:51+00:00,0,0.0,0.0,233.85000000000002,0.0
2024-10-21 12:53:52+00:00,0,0.0,0.0,233.85000000000002,0.0
2024-10-21 12:53:53+00:00,0,0.0,0.0,233.85000000000002,0.0
2024-10-21 12:53:54+00:00,0,0.0,0.0,233.85000000000002,0.0
2024-10-21 12:53:55+00:00,0,0.0,0.0,233.85000000000002,0.0
2024-10-21 12:53:56+00:00,0,0.0,0.0,233.85000000000002,0.0
2024-10-21 12:53:57+00:00,0,0.0,0.0,233.85000000000002,0.0
2024-10-21 12:53:58+00:00,200,0.0,0.0,233.85000000000002,0.0
2024-10-21 12:53:59+00:00,0,0.0,0.0,233.85000000000002,0.0
2024-10-21 12:54:00+00:00,-198,0.0,0.0,233.85000000000002,0.0
2024-10-21 12:54:01+00:00,200,0.0,0.0,233.85000000000002,0.0
2024-10-21 12:54:02+00:00,0,0.0,0.0,233.85000000000002,0.0
2024-10-21 12:54:03+00:00,0,0.0,0.0,233.85000000000002,0.0
2024-10-21 12:54:04+00:00,0,0.0,0.0,233.85000000000002,0.0
2024-10-21 12:54:05+00:00,1,0.0,0.0,233.85000000000002,0.0
2024-10-21 12:54:06+00:00,0,0.0,0.0,233.85000000000002,0.0
2024-10-21 12:54:07+00:00,0,0.0,0.0,233.85000000000002,0.0
2024-10-21 12:54:08+00:00,0,0.0,0.0,233.85000000000002,0.0
2024-10-21 12:54:09+00:00,0,0.0,0.0,233.85000000000002,0.0
2024-10-21 12:54:10+00:00,0,0.0,0.0,233.85000000000002,0.0
2024-10-21 12:54:11+00:00,0,0.0,0.0,233.85000000000002,0.0
2024-10-21 12:54:12+00:00,0,0.0,0.0,233.85000000000002,0.0
2024-10-21 12:54:13+00:00,0,0.0,0.0,233.85000000000002,0.0
2024-10-21 12:54:14+00:00,0,0.0,0.0,233.85000000000002,0.0
2024-10-21 12:54:15+00:00,0,0.0,0.0,233.85000000000002,0.0
2024-10-21 12:54:16+00:00,0,0.0,0.0,233.85000000000002,0.0
2024-10-21 12:54:17+00:00,0,0.0,0.0,233.85000000000002,0.0
2024-10-21 12:54:18+00:00,0,0.0,0.0,233.85000000000002,0.0
2024-10-21 12:54:19+00:00,0,0.0,0.0,233.85000000000002,0.0
2024-10-21 12:54:20+00:00,0,0.0,0.0,233.85000000000002,0.0
2024-10-21 12:54:21+00:00,0,0.0,0.0,233.85000000000002,0.0
2024-10-21 12:54:22+00:00,0,0.0,0.0,233.85000000000002,0.0
2024-10-21 12:54:23+00:00,100,0.0,0.0,233.87,8.552490912960842e-05
2024-10-21 12:54:24+00:00,0,0.0,0.0,233.87,0.0
2024-10-21 12:54:25+00:00,0,0.0,0.0,233.87,0.0
2024-10-21 12:54:26+00:00,0,0.0,0.0,233.87,0.0
2024-10-21 12:54:27+00:00,0,0.0,0.0,233.87,0.0
2024-10-21 12:54:28+00:00,-200,0.0,0.0,233.87,0.0
2024-10-21 12:54:29+00:00,0,0.0,0.0,233.87,0.0
2024-10-21 12:54:30+00:00,0,0.0,0.0,233.87,0.0
2024-10-21 12:54:31+00:00,0,0.0,0.0,233.87,0.0
2024-10-21 12:54:32+00:00,0,0.0,0.0,233.87,0.0
2024-10-21 12:54:33+00:00,-59,0.0,0.0,233.91,0.0001710351904904428
2024-10-21 12:54:34+00:00,0,0.0,0.0,233.91,0.0
2024-10-21 12:54:35+00:00,0,0.0,0.0,233.91,0.0
2024-10-21 12:54:36+00:00,0,0.0,0.0,233.91,0.0
2024-10-21 12:54:37+00:00,0,0.0,0.0,233.91,0.0
2024-10-21 12:54:38+00:00,0,0.0,0.0,233.91,0.0
2024-10-21 12:54:39+00:00,0,0.0,0.0,233.91,0.0
2024-10-21 12:54:40+00:00,0,0.0,0.0,233.91,0.0
2024-10-21 12:54:41+00:00,-93,0.0,0.0,233.89499999999998,-6.412722842119578e-05
2024-10-21 12:54:42+00:00,-200,0.0,0.0,233.89499999999998,0.0
2024-10-21 12:54:43+00:00,0,0.0,0.0,233.89499999999998,0.0
2024-10-21 12:54:44+00:00,0,0.0,0.0,233.89499999999998,0.0
2024-10-21 12:54:45+00:00,0,0.0,0.0,233.89499999999998,0.0
2024-10-21 12:54:46+00:00,0,0.0,0.0,233.89499999999998,0.0
2024-10-21 12:54:47+00:00,0,0.0,0.0,233.89499999999998,0.0
2024-10-21 12:54:48+00:00,0,0.0,0.0,233.89499999999998,0.0
2024-10-21 12:54:49+00:00,0,0.0,0.0,233.89499999999998,0.0
2024-10-21 12:54:50+00:00,0,0.0,0.0,233.89499999999998,0.0
2024-10-21 12:54:51+00:00,0,0.0,0.0,233.89499999999998,0.0
2024-10-21 12:54:52+00:00,0,0.0,0.0,233.89499999999998,0.0
2024-10-21 12:54:53+00:00,0,0.0,0.0,233.89499999999998,0.0
2024-10-21 12:54:54+00:00,0,0.0,0.0,233.89499999999998,0.0
2024-10-21 12:54:55+00:00,62,0.0,0.0,233.94,0.00019239402295911923
2024-10-21 12:54:56+00:00,0,0.0,0.0,233.94,0.0
2024-10-21 12:54:57+00:00,-25,0.0,0.0,233.935,-2.1373001624303e-05
2024-10-21 12:54:58+00:00,400,0.0,0.0,233.935,0.0
2024-10-21 12:54:59+00:00,0,0.0,0.0,233.935,0.0
2024-10-21 12:55:00+00:00,0,0.0,0.0,233.935,0.0
2024-10-21 12:55:01+00:00,0,0.0,0.0,233.935,0.0
2024-10-21 12:55:02+00:00,0,0.0,0.0,233.935,0.0
2024-10-21 12:55:03+00:00,0,0.0,0.0,233.935,0.0
2024-10-21 12:55:04+00:00,-200,0.0,0.0,233.935,0.0
2024-10-21 12:55:05+00:00,-400,0.0,0.0,233.935,0.0
2024-10-21 12:55:06+00:00,0,0.0,0.0,233.935,0.0
2024-10-21 12:55:07+00:00,0,0.0,0.0,233.89,-0.0001923611259538882
2024-10-21 12:55:08+00:00,0,0.0,0.0,233.89,0.0
2024-10-21 12:55:09+00:00,-400,0.0,0.0,233.885,-2.137757065290291e-05
2024-10-21 12:55:10+00:00,0,0.0,0.0,233.885,0.0
2024-10-21 12:55:11+00:00,0,0.0,0.0,233.885,0.0
2024-10-21 12:55:12+00:00,0,0.0,0.0,233.88,-2.1378027663110366e-05
2024-10-21 12:55:13+00:00,200,0.0,0.0,233.88,0.0
2024-10-21 12:55:14+00:00,0,0.0,0.0,233.88,0.0
2024-10-21 12:55:15+00:00,0,0.0,0.0,233.88,0.0
2024-10-21 12:55:16+00:00,-400,0.0,0.0,233.875,-2.137848469296877e-05
2024-10-21 12:55:17+00:00,0,0.0,0.0,233.875,0.0
2024-10-21 12:55:18+00:00,0,0.0,0.0,233.875,0.0
2024-10-21 12:55:19+00:00,0,0.0,0.0,233.875,0.0
2024-10-21 12:55:20+00:00,200,0.0,0.0,233.875,0.0
2024-10-21 12:55:21+00:00,0,0.0,0.0,233.875,0.0
2024-10-21 12:55:22+00:00,-400,0.0,0.0,233.87,-2.1378941742367097e-05
2024-10-21 12:55:23+00:00,-200,0.0,0.0,233.89,8.55175952452214e-05
2024-10-21 12:55:24+00:00,200,0.0,0.0,233.89,0.0
2024-10-21 12:55:25+00:00,0,0.0,0.0,233.89,0.0
2024-10-21 12:55:26+00:00,-200,0.0,0.0,233.89,0.0
2024-10-21 12:55:27+00:00,0,0.0,0.0,233.89,0.0
2024-10-21 12:55:28+00:00,0,0.0,0.0,233.89,0.0
2024-10-21 12:55:29+00:00,0,0.0,0.0,233.89,0.0
2024-10-21 12:55:30+00:00,0,0.0,0.0,233.89,0.0
2024-10-21 12:55:31+00:00,0,0.0,0.0,233.89,0.0
2024-10-21 12:55:32+00:00,0,0.0,0.0,233.89,0.0
2024-10-21 12:55:33+00:00,0,0.0,0.0,233.89,0.0
2024-10-21 12:55:34+00:00,0,0.0,0.0,233.89,0.0
2024-10-21 12:55:35+00:00,0,0.0,0.0,233.89,0.0
2024-10-21 12:55:36+00:00,0,0.0,0.0,233.89,0.0
2024-10-21 12:55:37+00:00,200,0.0,0.0,233.89,0.0
2024-10-21 12:55:38+00:00,0,0.0,0.0,233.89,0.0
2024-10-21 12:55:39+00:00,0,0.0,0.0,233.89,0.0
2024-10-21 12:55:40+00:00,0,0.0,0.0,233.89,0.0
2024-10-21 12:55:41+00:00,0,0.0,0.0,233.89,0.0
2024-10-21 12:55:42+00:00,-200,0.0,0.0,233.89,0.0
2024-10-21 12:55:43+00:00,0,0.0,0.0,233.89,0.0
2024-10-21 12:55:44+00:00,200,0.0,0.0,233.89,0.0
2024-10-21 12:55:45+00:00,0,0.0,0.0,233.89,0.0
2024-10-21 12:55:46+00:00,0,0.0,0.0,233.89,0.0
2024-10-21 12:55:47+00:00,0,0.0,0.0,233.89,0.0
2024-10-21 12:55:48+00:00,0,0.0,0.0,233.89,0.0
2024-10-21 12:55:49+00:00,-77,0.0,0.0,233.86,-0.0001282654239170844
2024-10-21 12:55:50+00:00,0,0.0,0.0,233.86,0.0
2024-10-21 12:55:51+00:00,-25,0.0,0.0,233.86,0.0
2024-10-21 12:55:52+00:00,0,0.0,0.0,233.86,0.0
2024-10-21 12:55:53+00:00,0,0.0,0.0,233.86,0.0
2024-10-21 12:55:54+00:00,0,0.0,0.0,233.86,0.0
2024-10-21 12:55:55+00:00,0,0.0,0.0,233.86,0.0
2024-10-21 12:55:56+00:00,0,0.0,0.0,233.86,0.0
2024-10-21 12:55:57+00:00,0,0.0,0.0,233.86,0.0
2024-10-21 12:55:58+00:00,0,0.0,0.0,233.86,0.0
2024-10-21 12:55:59+00:00,0,0.0,0.0,233.86,0.0
2024-10-21 12:56:00+00:00,0,0.0,0.0,233.86,0.0
2024-10-21 12:56:01+00:00,0,0.0,0.0,233.86,0.0
2024-10-21 12:56:02+00:00,-200,0.0,0.0,233.86,0.0
2024-10-21 12:56:03+00:00,0,0.0,0.0,233.86,0.0
2024-10-21 12:56:04+00:00,0,0.0,0.0,233.86,0.0
2024-10-21 12:56:05+00:00,0,0.0,0.0,233.86,0.0
2024-10-21 12:56:06+00:00,0,0.0,0.0,233.86,0.0
2024-10-21 12:56:07+00:00,200,0.0,0.0,233.86,0.0
2024-10-21 12:56:08+00:00,0,0.0,0.0,233.86,0.0
2024-10-21 12:56:09+00:00,200,0.0,0.0,233.86,0.0
2024-10-21 12:56:10+00:00,0,0.0,0.0,233.86,0.0
2024-10-21 12:56:11+00:00,0,0.0,0.0,233.86,0.0
2024-10-21 12:56:12+00:00,0,0.0,0.0,233.86,0.0
2024-10-21 12:56:13+00:00,0,0.0,0.0,233.86,0.0
2024-10-21 12:56:14+00:00,0,0.0,0.0,233.86,0.0
2024-10-21 12:56:15+00:00,0,0.0,0.0,233.86,0.0
2024-10-21 12:56:16+00:00,0,0.0,0.0,233.86,0.0
2024-10-21 12:56:17+00:00,0,0.0,0.0,233.86,0.0
2024-10-21 12:56:18+00:00,0,0.0,0.0,233.86,0.0
2024-10-21 12:56:19+00:00,0,0.0,0.0,233.86,0.0
2024-10-21 12:56:20+00:00,0,0.0,0.0,233.86,0.0
2024-10-21 12:56:21+00:00,0,0.0,0.0,233.86,0.0
2024-10-21 12:56:22+00:00,96,0.0,0.0,233.865,2.1380313007801632e-05
2024-10-21 12:56:23+00:00,0,0.0,0.0,233.865,0.0
2024-10-21 12:56:24+00:00,0,0.0,0.0,233.865,0.0
2024-10-21 12:56:25+00:00,0,0.0,0.0,233.865,0.0
2024-10-21 12:56:26+00:00,0,0.0,0.0,233.865,0.0
2024-10-21 12:56:27+00:00,0,0.0,0.0,233.865,0.0
2024-10-21 12:56:28+00:00,0,0.0,0.0,233.865,0.0
2024-10-21 12:56:29+00:00,200,0.0,0.0,233.865,0.0
2024-10-21 12:56:30+00:00,0,0.0,0.0,233.865,0.0
2024-10-21 12:56:31+00:00,0,0.0,0.0,233.865,0.0
2024-10-21 12:56:32+00:00,0,0.0,0.0,233.865,0.0
2024-10-21 12:56:33+00:00,0,0.0,0.0,233.865,0.0
2024-10-21 12:56:34+00:00,0,0.0,0.0,233.865,0.0
2024-10-21 12:56:35+00:00,0,0.0,0.0,233.865,0.0
2024-10-21 12:56:36+00:00,0,0.0,0.0,233.865,0.0
2024-10-21 12:56:37+00:00,0,0.0,0.0,233.865,0.0
2024-10-21 12:56:38+00:00,0,0.0,0.0,233.865,0.0
2024-10-21 12:56:39+00:00,0,0.0,0.0,233.865,0.0
2024-10-21 12:56:40+00:00,0,0.0,0.0,233.865,0.0
2024-10-21 12:56:41+00:00,0,0.0,0.0,233.865,0.0
2024-10-21 12:56:42+00:00,0,0.0,0.0,233.865,0.0
2024-10-21 12:56:43+00:00,0,0.0,0.0,233.865,0.0
2024-10-21 12:56:44+00:00,0,0.0,0.0,233.865,0.0
2024-10-21 12:56:45+00:00,0,0.0,0.0,233.865,0.0
2024-10-21 12:56:46+00:00,0,0.0,0.0,233.865,0.0
2024-10-21 12:56:47+00:00,0,0.0,0.0,233.865,0.0
2024-10-21 12:56:48+00:00,0,0.0,0.0,233.865,0.0
2024-10-21 12:56:49+00:00,200,0.0,0.0,233.865,0.0
2024-10-21 12:56:50+00:00,0,0.0,0.0,233.865,0.0
2024-10-21 12:56:51+00:00,0,0.0,0.0,233.865,0.0
2024-10-21 12:56:52+00:00,-200,0.0,0.0,233.865,0.0
2024-10-21 12:56:53+00:00,200,0.0,0.0,233.865,0.0
2024-10-21 12:56:54+00:00,200,0.0,0.0,233.865,0.0
2024-10-21 12:56:55+00:00,-93,0.0,0.0,233.85000000000002,-6.413956769923956e-05
2024-10-21 12:56:56+00:00,-200,0.0,0.0,233.85000000000002,0.0
2024-10-21 12:56:57+00:00,0,0.0,0.0,233.85000000000002,0.0
2024-10-21 12:56:58+00:00,0,0.0,0.0,233.85000000000002,0.0
2024-10-21 12:56:59+00:00,0,0.0,0.0,233.85000000000002,0.0
2024-10-21 12:57:00+00:00,0,0.0,0.0,233.85000000000002,0.0
2024-10-21 12:57:01+00:00,0,0.0,0.0,233.85000000000002,0.0
2024-10-21 12:57:02+00:00,3,0.0,0.0,233.85000000000002,0.0
2024-10-21 12:57:03+00:00,0,0.0,0.0,233.85000000000002,0.0
2024-10-21 12:57:04+00:00,0,0.0,0.0,233.85000000000002,0.0
2024-10-21 12:57:05+00:00,0,0.0,0.0,233.85000000000002,0.0
2024-10-21 12:57:06+00:00,0,0.0,0.0,233.85000000000002,0.0
2024-10-21 12:57:07+00:00,0,0.0,0.0,233.85000000000002,0.0
2024-10-21 12:57:08+00:00,0,0.0,0.0,233.85000000000002,0.0
2024-10-21 12:57:09+00:00,0,0.0,0.0,233.85000000000002,0.0
2024-10-21 12:57:10+00:00,0,0.0,0.0,233.85000000000002,0.0
2024-10-21 12:57:11+00:00,0,0.0,0.0,233.85000000000002,0.0
2024-10-21 12:57:12+00:00,0,0.0,0.0,233.85000000000002,0.0
2024-10-21 12:57:13+00:00,0,0.0,0.0,233.85000000000002,0.0
2024-10-21 12:57:14+00:00,0,0.0,0.0,233.85000000000002,0.0
2024-10-21 12:57:15+00:00,0,0.0,0.0,233.85000000000002,0.0
2024-10-21 12:57:16+00:00,0,0.0,0.0,233.85000000000002,0.0
2024-10-21 12:57:17+00:00,0,0.0,0.0,233.85000000000002,0.0
2024-10-21 12:57:18+00:00,0,0.0,0.0,233.85000000000002,0.0
2024-10-21 12:57:19+00:00,0,0.0,0.0,233.85000000000002,0.0
2024-10-21 12:57:20+00:00,0,0.0,0.0,233.85000000000002,0.0
2024-10-21 12:57:21+00:00,0,0.0,0.0,233.85000000000002,0.0
2024-10-21 12:57:22+00:00,0,0.0,0.0,233.85000000000002,0.0
2024-10-21 12:57:23+00:00,0,0.0,0.0,233.85000000000002,0.0
2024-10-21 12:57:24+00:00,0,0.0,0.0,233.85000000000002,0.0
2024-10-21 12:57:25+00:00,0,0.0,0.0,233.85000000000002,0.0
2024-10-21 12:57:26+00:00,0,0.0,0.0,233.85000000000002,0.0
2024-10-21 12:57:27+00:00,0,0.0,0.0,233.85000000000002,0.0
2024-10-21 12:57:28+00:00,200,0.0,0.0,233.85000000000002,0.0
2024-10-21 12:57:29+00:00,0,0.0,0.0,233.85000000000002,0.0
2024-10-21 12:57:30+00:00,0,0.0,0.0,233.85000000000002,0.0
2024-10-21 12:57:31+00:00,200,0.0,0.0,233.85000000000002,0.0
2024-10-21 12:57:32+00:00,200,0.0,0.0,233.85000000000002,0.0
2024-10-21 12:57:33+00:00,0,0.0,0.0,233.85000000000002,0.0
2024-10-21 12:57:34+00:00,-200,0.0,0.0,233.85000000000002,0.0
2024-10-21 12:57:35+00:00,200,0.0,0.0,233.85000000000002,0.0
2024-10-21 12:57:36+00:00,-178,0.0,0.0,233.88,0.00012828736369452365
2024-10-21 12:57:37+00:00,200,0.0,0.0,233.88,0.0
2024-10-21 12:57:38+00:00,0,0.0,0.0,233.88,0.0
2024-10-21 12:57:39+00:00,0,0.0,0.0,233.88,0.0
2024-10-21 12:57:40+00:00,0,0.0,0.0,233.88,0.0
2024-10-21 12:57:41+00:00,0,0.0,0.0,233.88,0.0
2024-10-21 12:57:42+00:00,0,0.0,0.0,233.88,0.0
2024-10-21 12:57:43+00:00,0,0.0,0.0,233.88,0.0
2024-10-21 12:57:44+00:00,0,0.0,0.0,233.88,0.0
2024-10-21 12:57:45+00:00,0,0.0,0.0,233.88,0.0
2024-10-21 12:57:46+00:00,0,0.0,0.0,233.88,0.0
2024-10-21 12:57:47+00:00,0,0.0,0.0,233.88,0.0
2024-10-21 12:57:48+00:00,200,0.0,0.0,233.88,0.0
2024-10-21 12:57:49+00:00,0,0.0,0.0,233.88,0.0
2024-10-21 12:57:50+00:00,0,0.0,0.0,233.88,0.0
2024-10-21 12:57:51+00:00,0,0.0,0.0,233.88,0.0
2024-10-21 12:57:52+00:00,0,0.0,0.0,233.88,0.0
2024-10-21 12:57:53+00:00,0,0.0,0.0,233.88,0.0
2024-10-21 12:57:54+00:00,0,0.0,0.0,233.88,0.0
2024-10-21 12:57:55+00:00,0,0.0,0.0,233.88,0.0
2024-10-21 12:57:56+00:00,0,0.0,0.0,233.88,0.0
2024-10-21 12:57:57+00:00,0,0.0,0.0,233.88,0.0
2024-10-21 12:57:58+00:00,0,0.0,0.0,233.88,0.0
2024-10-21 12:57:59+00:00,0,0.0,0.0,233.88,0.0
2024-10-21 12:58:00+00:00,0,0.0,0.0,233.88,0.0
2024-10-21 12:58:01+00:00,0,0.0,0.0,233.88,0.0
2024-10-21 12:58:02+00:00,392,0.0,0.0,233.875,-2.137848469296877e-05
2024-10-21 12:58:03+00:00,400,0.0,0.0,233.875,0.0
2024-10-21 12:58:04+00:00,98,0.0,0.0,233.875,0.0
2024-10-21 12:58:05+00:00,0,0.0,0.0,233.875,0.0
2024-10-21 12:58:06+00:00,0,0.0,0.0,233.875,0.0
2024-10-21 12:58:07+00:00,-200,0.0,0.0,233.875,0.0
2024-10-21 12:58:08+00:00,0,0.0,0.0,233.875,0.0
2024-10-21 12:58:09+00:00,0,0.0,0.0,233.875,0.0
2024-10-21 12:58:10+00:00,-312,0.0,0.0,233.88,2.1378941742256075e-05
2024-10-21 12:58:11+00:00,200,0.0,0.0,233.88,0.0
2024-10-21 12:58:12+00:00,0,0.0,0.0,233.88,0.0
2024-10-21 12:58:13+00:00,400,0.0,0.0,233.88,0.0
2024-10-21 12:58:14+00:00,0,0.0,0.0,233.88,0.0
2024-10-21 12:58:15+00:00,0,0.0,0.0,233.88,0.0
2024-10-21 12:58:16+00:00,-200,0.0,0.0,233.88,0.0
2024-10-21 12:58:17+00:00,0,0.0,0.0,233.88,0.0
2024-10-21 12:58:18+00:00,0,0.0,0.0,233.88,0.0
2024-10-21 12:58:19+00:00,0,0.0,0.0,233.88,0.0
2024-10-21 12:58:20+00:00,200,0.0,0.0,233.88,0.0
2024-10-21 12:58:21+00:00,0,0.0,0.0,233.88,0.0
2024-10-21 12:58:22+00:00,0,0.0,0.0,233.88,0.0
2024-10-21 12:58:23+00:00,0,0.0,0.0,233.88,0.0
2024-10-21 12:58:24+00:00,0,0.0,0.0,233.88,0.0
2024-10-21 12:58:25+00:00,-100,0.0,0.0,233.905,0.00010689242346506589
2024-10-21 12:58:26+00:00,0,0.0,0.0,233.905,0.0
2024-10-21 12:58:27+00:00,0,0.0,0.0,233.905,0.0
2024-10-21 12:58:28+00:00,0,0.0,0.0,233.905,0.0
2024-10-21 12:58:29+00:00,0,0.0,0.0,233.905,0.0
2024-10-21 12:58:30+00:00,0,0.0,0.0,233.905,0.0
2024-10-21 12:58:31+00:00,0,0.0,0.0,233.905,0.0
2024-10-21 12:58:32+00:00,0,0.0,0.0,233.905,0.0
2024-10-21 12:58:33+00:00,0,0.0,0.0,233.905,0.0
2024-10-21 12:58:34+00:00,0,0.0,0.0,233.905,0.0
2024-10-21 12:58:35+00:00,0,0.0,0.0,233.905,0.0
2024-10-21 12:58:36+00:00,0,0.0,0.0,233.905,0.0
2024-10-21 12:58:37+00:00,0,0.0,0.0,233.905,0.0
2024-10-21 12:58:38+00:00,305,0.0,0.0,233.89999999999998,-2.1376199739298052e-05
2024-10-21 12:58:39+00:00,-102,0.0,0.0,233.89999999999998,0.0
2024-10-21 12:58:40+00:00,0,0.0,0.0,233.89999999999998,0.0
2024-10-21 12:58:41+00:00,0,0.0,0.0,233.89999999999998,0.0
2024-10-21 12:58:42+00:00,0,0.0,0.0,233.89999999999998,0.0
2024-10-21 12:58:43+00:00,0,0.0,0.0,233.89999999999998,0.0
2024-10-21 12:58:44+00:00,0,0.0,0.0,233.89999999999998,0.0
2024-10-21 12:58:45+00:00,0,0.0,0.0,233.89999999999998,0.0
2024-10-21 12:58:46+00:00,0,0.0,0.0,233.89999999999998,0.0
2024-10-21 12:58:47+00:00,0,0.0,0.0,233.89999999999998,0.0
2024-10-21 12:58:48+00:00,0,0.0,0.0,233.89999999999998,0.0
2024-10-21 12:58:49+00:00,0,0.0,0.0,233.89999999999998,0.0
2024-10-21 12:58:50+00:00,0,0.0,0.0,233.89999999999998,0.0
2024-10-21 12:58:51+00:00,0,0.0,0.0,233.89999999999998,0.0
2024-10-21 12:58:52+00:00,0,0.0,0.0,233.89999999999998,0.0
2024-10-21 12:58:53+00:00,200,0.0,0.0,233.89999999999998,0.0
2024-10-21 12:58:54+00:00,0,0.0,0.0,233.89999999999998,0.0
2024-10-21 12:58:55+00:00,0,0.0,0.0,233.89999999999998,0.0
2024-10-21 12:58:56+00:00,313,0.0,0.0,233.89499999999998,-2.137665669088573e-05
2024-10-21 12:58:57+00:00,2,0.0,0.0,233.89,-2.137711366212436e-05
2024-10-21 12:58:58+00:00,0,0.0,0.0,233.89,0.0
2024-10-21 12:58:59+00:00,-2,0.0,0.0,233.89,0.0
2024-10-21 12:59:00+00:00,-2,0.0,0.0,233.89,0.0
2024-10-21 12:59:01+00:00,200,0.0,0.0,233.89,0.0
2024-10-21 12:59:02+00:00,500,0.0,0.0,233.89,0.0
2024-10-21 12:59:03+00:00,0,0.0,0.0,233.89,0.0
2024-10-21 12:59:04+00:00,0,0.0,0.0,233.89,0.0
2024-10-21 12:59:05+00:00,0,0.0,0.0,233.89,0.0
2024-10-21 12:59:06+00:00,0,0.0,0.0,233.89,0.0
2024-10-21 12:59:07+00:00,0,0.0,0.0,233.89,0.0
2024-10-21 12:59:08+00:00,0,0.0,0.0,233.89,0.0
2024-10-21 12:59:09+00:00,0,0.0,0.0,233.89,0.0
2024-10-21 12:59:10+00:00,0,0.0,0.0,233.89,0.0
2024-10-21 12:59:11+00:00,0,0.0,0.0,233.89,0.0
2024-10-21 12:59:12+00:00,0,0.0,0.0,233.89,0.0
2024-10-21 12:59:13+00:00,0,0.0,0.0,233.89,0.0
2024-10-21 12:59:14+00:00,0,0.0,0.0,233.89,0.0
2024-10-21 12:59:15+00:00,0,0.0,0.0,233.89,0.0
2024-10-21 12:59:16+00:00,0,0.0,0.0,233.89,0.0
2024-10-21 12:59:17+00:00,0,0.0,0.0,233.89,0.0
2024-10-21 12:59:18+00:00,0,0.0,0.0,233.89,0.0
2024-10-21 12:59:19+00:00,0,0.0,0.0,233.89,0.0
2024-10-21 12:59:20+00:00,0,0.0,0.0,233.89,0.0
2024-10-21 12:59:21+00:00,0,0.0,0.0,233.89,0.0
2024-10-21 12:59:22+00:00,0,0.0,0.0,233.89,0.0
2024-10-21 12:59:23+00:00,0,0.0,0.0,233.89,0.0
2024-10-21 12:59:24+00:00,0,0.0,0.0,233.89,0.0
2024-10-21 12:59:25+00:00,0,0.0,0.0,233.89,0.0
2024-10-21 12:59:26+00:00,0,0.0,0.0,233.89,0.0
2024-10-21 12:59:27+00:00,0,0.0,0.0,233.89,0.0
2024-10-21 12:59:28+00:00,0,0.0,0.0,233.89,0.0
2024-10-21 12:59:29+00:00,100,0.0,0.0,233.885,-2.137757065290291e-05
2024-10-21 12:59:30+00:00,0,0.0,0.0,233.885,0.0
2024-10-21 12:59:31+00:00,0,0.0,0.0,233.885,0.0
2024-10-21 12:59:32+00:00,0,0.0,0.0,233.885,0.0
2024-10-21 12:59:33+00:00,0,0.0,0.0,233.885,0.0
2024-10-21 12:59:34+00:00,-200,0.0,0.0,233.885,0.0
2024-10-21 12:59:35+00:00,0,0.0,0.0,233.885,0.0
2024-10-21 12:59:36+00:00,0,0.0,0.0,233.885,0.0
2024-10-21 12:59:37+00:00,0,0.0,0.0,233.885,0.0
2024-10-21 12:59:38+00:00,0,0.0,0.0,233.885,0.0
2024-10-21 12:59:39+00:00,0,0.0,0.0,233.885,0.0
2024-10-21 12:59:40+00:00,0,0.0,0.0,233.885,0.0
2024-10-21 12:59:41+00:00,200,0.0,0.0,233.885,0.0
2024-10-21 12:59:42+00:00,0,0.0,0.0,233.885,0.0
2024-10-21 12:59:43+00:00,0,0.0,0.0,233.885,0.0
2024-10-21 12:59:44+00:00,0,0.0,0.0,233.885,0.0
2024-10-21 12:59:45+00:00,0,0.0,0.0,233.885,0.0
2024-10-21 12:59:46+00:00,0,0.0,0.0,233.885,0.0
2024-10-21 12:59:47+00:00,0,0.0,0.0,233.885,0.0
2024-10-21 12:59:48+00:00,0,0.0,0.0,233.885,0.0
2024-10-21 12:59:49+00:00,0,0.0,0.0,233.885,0.0
2024-10-21 12:59:50+00:00,0,0.0,0.0,233.885,0.0
2024-10-21 12:59:51+00:00,0,0.0,0.0,233.885,0.0
2024-10-21 12:59:52+00:00,0,0.0,0.0,233.885,0.0
2024-10-21 12:59:53+00:00,0,0.0,0.0,233.885,0.0
2024-10-21 12:59:54+00:00,0,0.0,0.0,233.885,0.0
2024-10-21 12:59:55+00:00,0,0.0,0.0,233.885,0.0
2024-10-21 12:59:56+00:00,0,0.0,0.0,233.885,0.0
2024-10-21 12:59:57+00:00,0,0.0,0.0,233.885,0.0
2024-10-21 12:59:58+00:00,-200,0.0,0.0,233.885,0.0
2024-10-21 12:59:59+00:00,0,0.0,0.0,233.885,0.0
2024-10-21 13:00:00+00:00,0,0.0,0.0,233.885,0.0
2024-10-21 13:00:01+00:00,0,0.0,0.0,233.885,0.0
2024-10-21 13:00:02+00:00,-200,0.0,0.0,233.885,0.0
2024-10-21 13:00:03+00:00,0,0.0,0.0,233.885,0.0
2024-10-21 13:00:04+00:00,200,0.0,0.0,233.885,0.0
2024-10-21 13:00:05+00:00,-200,0.0,0.0,233.885,0.0
2024-10-21 13:00:06+00:00,0,0.0,0.0,233.885,0.0
2024-10-21 13:00:07+00:00,400,0.0,0.0,233.885,0.0
2024-10-21 13:00:08+00:00,400,0.0,0.0,233.885,0.0
2024-10-21 13:00:09+00:00,0,0.0,0.0,233.885,0.0
2024-10-21 13:00:10+00:00,0,0.0,0.0,233.885,0.0
2024-10-21 13:00:11+00:00,0,0.0,0.0,233.885,0.0
2024-10-21 13:00:12+00:00,0,0.0,0.0,233.885,0.0
2024-10-21 13:00:13+00:00,0,0.0,0.0,233.885,0.0
2024-10-21 13:00:14+00:00,0,0.0,0.0,233.885,0.0
2024-10-21 13:00:15+00:00,0,0.0,0.0,233.885,0.0
2024-10-21 13:00:16+00:00,0,0.0,0.0,233.885,0.0
2024-10-21 13:00:17+00:00,0,0.0,0.0,233.885,0.0
2024-10-21 13:00:18+00:00,0,0.0,0.0,233.885,0.0
2024-10-21 13:00:19+00:00,0,0.0,0.0,233.885,0.0
2024-10-21 13:00:20+00:00,0,0.0,0.0,233.885,0.0
2024-10-21 13:00:21+00:00,100,0.0,0.0,233.885,0.0
2024-10-21 13:00:22+00:00,-182,0.0,0.0,233.88,-2.1378027663110366e-05
2024-10-21 13:00:23+00:00,800,0.0,0.0,233.88,0.0
2024-10-21 13:00:24+00:00,-2,0.0,0.0,233.88,0.0
2024-10-21 13:00:25+00:00,0,0.0,0.0,233.88,0.0
2024-10-21 13:00:26+00:00,0,0.0,0.0,233.88,0.0
2024-10-21 13:00:27+00:00,0,0.0,0.0,233.88,0.0
2024-10-21 13:00:28+00:00,0,0.0,0.0,233.88,0.0
2024-10-21 13:00:29+00:00,0,0.0,0.0,233.88,0.0
2024-10-21 13:00:30+00:00,0,0.0,0.0,233.88,0.0
2024-10-21 13:00:31+00:00,0,0.0,0.0,233.88,0.0
2024-10-21 13:00:32+00:00,0,0.0,0.0,233.88,0.0
2024-10-21 13:00:33+00:00,0,0.0,0.0,233.88,0.0
2024-10-21 13:00:34+00:00,0,0.0,0.0,233.88,0.0
2024-10-21 13:00:35+00:00,0,0.0,0.0,233.88,0.0
2024-10-21 13:00:36+00:00,0,0.0,0.0,233.88,0.0
2024-10-21 13:00:37+00:00,2,0.0,0.0,233.875,-2.137848469296877e-05
2024-10-21 13:00:38+00:00,0,0.0,0.0,233.875,0.0
2024-10-21 13:00:39+00:00,-2,0.0,0.0,233.875,0.0
2024-10-21 13:00:40+00:00,0,0.0,0.0,233.875,0.0
2024-10-21 13:00:41+00:00,0,0.0,0.0,233.875,0.0
2024-10-21 13:00:42+00:00,0,0.0,0.0,233.875,0.0
2024-10-21 13:00:43+00:00,0,0.0,0.0,233.875,0.0
2024-10-21 13:00:44+00:00,0,0.0,0.0,233.875,0.0
2024-10-21 13:00:45+00:00,0,0.0,0.0,233.875,0.0
2024-10-21 13:00:46+00:00,0,0.0,0.0,233.875,0.0
2024-10-21 13:00:47+00:00,-95,0.0,0.0,233.845,-0.0001282736504543136
2024-10-21 13:00:48+00:00,-93,0.0,0.0,233.84,-2.1381684449095495e-05
2024-10-21 13:00:49+00:00,-400,0.0,0.0,233.84,0.0
2024-10-21 13:00:50+00:00,0,0.0,0.0,233.84,0.0
2024-10-21 13:00:51+00:00,0,0.0,0.0,233.84,0.0
2024-10-21 13:00:52+00:00,0,0.0,0.0,233.84,0.0
2024-10-21 13:00:53+00:00,0,0.0,0.0,233.84,0.0
2024-10-21 13:00:54+00:00,200,0.0,0.0,233.84,0.0
2024-10-21 13:00:55+00:00,0,0.0,0.0,233.84,0.0
2024-10-21 13:00:56+00:00,0,0.0,0.0,233.84,0.0
2024-10-21 13:00:57+00:00,0,0.0,0.0,233.84,0.0
2024-10-21 13:00:58+00:00,0,0.0,0.0,233.84,0.0
2024-10-21 13:00:59+00:00,-200,0.0,0.0,233.84,0.0
2024-10-21 13:01:00+00:00,2,0.0,0.0,233.84,0.0
2024-10-21 13:01:01+00:00,0,0.0,0.0,233.84,0.0
2024-10-21 13:01:02+00:00,200,0.0,0.0,233.84,0.0
2024-10-21 13:01:03+00:00,0,0.0,0.0,233.84,0.0
2024-10-21 13:01:04+00:00,0,0.0,0.0,233.84,0.0
2024-10-21 13:01:05+00:00,19,0.0,0.0,233.835,-2.13821416352733e-05
2024-10-21 13:01:06+00:00,-501,0.0,0.0,233.825,-4.2765197682204104e-05
2024-10-21 13:01:07+00:00,200,0.0,0.0,233.825,0.0
2024-10-21 13:01:08+00:00,-200,0.0,0.0,233.825,0.0
2024-10-21 13:01:09+00:00,0,0.0,0.0,233.825,0.0
2024-10-21 13:01:10+00:00,0,0.0,0.0,233.825,0.0
2024-10-21 13:01:11+00:00,0,0.0,0.0,233.825,0.0
2024-10-21 13:01:12+00:00,0,0.0,0.0,233.825,0.0
2024-10-21 13:01:13+00:00,-397,0.0,0.0,233.82,-2.138351331126831e-05
2024-10-21 13:01:14+00:00,419,0.0,0.0,233.815,-2.1383970575605815e-05
2024-10-21 13:01:15+00:00,-100,0.0,0.0,233.815,0.0
2024-10-21 13:01:16+00:00,0,0.0,0.0,233.815,0.0
2024-10-21 13:01:17+00:00,0,0.0,0.0,233.815,0.0
2024-10-21 13:01:18+00:00,0,0.0,0.0,233.815,0.0
2024-10-21 13:01:19+00:00,0,0.0,0.0,233.815,0.0
2024-10-21 13:01:20+00:00,0,0.0,0.0,233.815,0.0
2024-10-21 13:01:21+00:00,0,0.0,0.0,233.815,0.0
2024-10-21 13:01:22+00:00,0,0.0,0.0,233.815,0.0
2024-10-21 13:01:23+00:00,0,0.0,0.0,233.815,0.0
2024-10-21 13:01:24+00:00,0,0.0,0.0,233.815,0.0
2024-10-21 13:01:25+00:00,0,0.0,0.0,233.815,0.0
2024-10-21 13:01:26+00:00,0,0.0,0.0,233.815,0.0
2024-10-21 13:01:27+00:00,0,0.0,0.0,233.815,0.0
2024-10-21 13:01:28+00:00,0,0.0,0.0,233.815,0.0
2024-10-21 13:01:29+00:00,0,0.0,0.0,233.815,0.0
2024-10-21 13:01:30+00:00,0,0.0,0.0,233.815,0.0
2024-10-21 13:01:31+00:00,84,0.0,0.0,233.815,0.0
2024-10-21 13:01:32+00:00,0,0.0,0.0,233.815,0.0
2024-10-21 13:01:33+00:00,0,0.0,0.0,233.815,0.0
2024-10-21 13:01:34+00:00,0,0.0,0.0,233.815,0.0
2024-10-21 13:01:35+00:00,0,0.0,0.0,233.815,0.0
2024-10-21 13:01:36+00:00,-200,0.0,0.0,233.815,0.0
2024-10-21 13:01:37+00:00,0,0.0,0.0,233.815,0.0
2024-10-21 13:01:38+00:00,0,0.0,0.0,233.815,0.0
2024-10-21 13:01:39+00:00,0,0.0,0.0,233.815,0.0
2024-10-21 13:01:40+00:00,0,0.0,0.0,233.815,0.0
2024-10-21 13:01:41+00:00,0,0.0,0.0,233.815,0.0
2024-10-21 13:01:42+00:00,0,0.0,0.0,233.815,0.0
2024-10-21 13:01:43+00:00,-16,0.0,0.0,233.81,-2.1384427859594268e-05
2024-10-21 13:01:44+00:00,0,0.0,0.0,233.81,0.0
2024-10-21 13:01:45+00:00,-386,0.0,0.0,233.77499999999998,-0.00014969419614230262
2024-10-21 13:01:46+00:00,200,0.0,0.0,233.77499999999998,0.0
2024-10-21 13:01:47+00:00,0,0.0,0.0,233.77499999999998,0.0
2024-10-21 13:01:48+00:00,0,0.0,0.0,233.77499999999998,0.0
2024-10-21 13:01:49+00:00,0,0.0,0.0,233.77499999999998,0.0
2024-10-21 13:01:50+00:00,0,0.0,0.0,233.77499999999998,0.0
2024-10-21 13:01:51+00:00,0,0.0,0.0,233.77499999999998,0.0
2024-10-21 13:01:52+00:00,0,0.0,0.0,233.77499999999998,0.0
2024-10-21 13:01:53+00:00,165,0.0,0.0,233.76999999999998,-2.1388086835605336e-05
2024-10-21 13:01:54+00:00,-77,0.0,0.0,233.76,-4.277708859135032e-05
2024-10-21 13:01:55+00:00,375,0.0,0.0,233.755,-2.1389459274434586e-05
2024-10-21 13:01:56+00:00,-200,0.0,0.0,233.755,0.0
2024-10-21 13:01:57+00:00,-200,0.0,0.0,233.755,0.0
2024-10-21 13:01:58+00:00,200,0.0,0.0,233.755,0.0
2024-10-21 13:01:59+00:00,-100,0.0,0.0,233.755,0.0
2024-10-21 13:02:00+00:00,-1167,0.0,0.0,233.70999999999998,-0.00019250925113911688
2024-10-21 13:02:01+00:00,267,0.0,0.0,233.70499999999998,-2.1394035342958695e-05
2024-10-21 13:02:02+00:00,0,0.0,0.0,233.70499999999998,0.0
2024-10-21 13:02:03+00:00,-200,0.0,0.0,233.70499999999998,0.0
2024-10-21 13:02:04+00:00,0,0.0,0.0,233.70499999999998,0.0
2024-10-21 13:02:05+00:00,332,0.0,0.0,233.63,-0.00032091739586226353
2024-10-21 13:02:06+00:00,300,0.0,0.0,233.63,0.0
2024-10-21 13:02:07+00:00,400,0.0,0.0,233.63,0.0
2024-10-21 13:02:08+00:00,0,0.0,0.0,233.63,0.0
2024-10-21 13:02:09+00:00,0,0.0,0.0,233.63,0.0
2024-10-21 13:02:10+00:00,0,0.0,0.0,233.63,0.0
2024-10-21 13:02:11+00:00,0,0.0,0.0,233.63,0.0
2024-10-21 13:02:12+00:00,0,0.0,0.0,233.63,0.0
2024-10-21 13:02:13+00:00,-400,0.0,0.0,233.63,0.0
2024-10-21 13:02:14+00:00,-1,0.0,0.0,233.63,0.0
2024-10-21 13:02:15+00:00,0,0.0,0.0,233.63,0.0
2024-10-21 13:02:16+00:00,0,0.0,0.0,233.63,0.0
2024-10-21 13:02:17+00:00,-77,0.0,0.0,233.60500000000002,-0.00010700680563269227
2024-10-21 13:02:18+00:00,0,0.0,0.0,233.60500000000002,0.0
2024-10-21 13:02:19+00:00,200,0.0,0.0,233.60500000000002,0.0
2024-10-21 13:02:20+00:00,-82,0.0,0.0,233.60000000000002,-2.1403651462970075e-05
2024-10-21 13:02:21+00:00,200,0.0,0.0,233.60000000000002,0.0
2024-10-21 13:02:22+00:00,-200,0.0,0.0,233.60000000000002,0.0
2024-10-21 13:02:23+00:00,0,0.0,0.0,233.60000000000002,0.0
2024-10-21 13:02:24+00:00,0,0.0,0.0,233.60000000000002,0.0
2024-10-21 13:02:25+00:00,0,0.0,0.0,233.60000000000002,0.0
2024-10-21 13:02:26+00:00,-298,0.0,0.0,233.565,-0.00014982876712343884
2024-10-21 13:02:27+00:00,-301,0.0,0.0,233.565,0.0
2024-10-21 13:02:28+00:00,0,0.0,0.0,233.565,0.0
2024-10-21 13:02:29+00:00,-100,0.0,0.0,233.565,0.0
2024-10-21 13:02:30+00:00,0,0.0,0.0,233.565,0.0
2024-10-21 13:02:31+00:00,0,0.0,0.0,233.565,0.0
2024-10-21 13:02:32+00:00,0,0.0,0.0,233.565,0.0
2024-10-21 13:02:33+00:00,0,0.0,0.0,233.565,0.0
2024-10-21 13:02:34+00:00,0,0.0,0.0,233.565,0.0
2024-10-21 13:02:35+00:00,0,0.0,0.0,233.565,0.0
2024-10-21 13:02:36+00:00,0,0.0,0.0,233.565,0.0
2024-10-21 13:02:37+00:00,0,0.0,0.0,233.565,0.0
2024-10-21 13:02:38+00:00,-41,0.0,0.0,233.51,-0.00023548048723054382
2024-10-21 13:02:39+00:00,6,0.0,0.0,233.51,0.0
2024-10-21 13:02:40+00:00,0,0.0,0.0,233.51,0.0
2024-10-21 13:02:41+00:00,80,0.0,0.0,233.565,0.00023553595135106242
2024-10-21 13:02:42+00:00,-500,0.0,0.0,233.565,0.0
2024-10-21 13:02:43+00:00,-100,0.0,0.0,233.565,0.0
2024-10-21 13:02:44+00:00,-400,0.0,0.0,233.565,0.0
2024-10-21 13:02:45+00:00,1,0.0,0.0,233.57,2.140731702082732e-05
2024-10-21 13:02:46+00:00,0,0.0,0.0,233.57,0.0
2024-10-21 13:02:47+00:00,0,0.0,0.0,233.57,0.0
2024-10-21 13:02:48+00:00,0,0.0,0.0,233.57,0.0
2024-10-21 13:02:49+00:00,0,0.0,0.0,233.57,0.0
2024-10-21 13:02:50+00:00,0,0.0,0.0,233.57,0.0
2024-10-21 13:02:51+00:00,0,0.0,0.0,233.57,0.0
2024-10-21 13:02:52+00:00,0,0.0,0.0,233.57,0.0
2024-10-21 13:02:53+00:00,0,0.0,0.0,233.57,0.0
2024-10-21 13:02:54+00:00,-400,0.0,0.0,233.565,-2.1406858757511138e-05
2024-10-21 13:02:55+00:00,0,0.0,0.0,233.565,0.0
2024-10-21 13:02:56+00:00,0,0.0,0.0,233.565,0.0
2024-10-21 13:02:57+00:00,-2,0.0,0.0,233.54,-0.00010703658510480274
2024-10-21 13:02:58+00:00,0,0.0,0.0,233.54,0.0
2024-10-21 13:02:59+00:00,0,0.0,0.0,233.54,0.0
2024-10-21 13:03:00+00:00,0,0.0,0.0,233.54,0.0
2024-10-21 13:03:01+00:00,0,0.0,0.0,233.54,0.0
2024-10-21 13:03:02+00:00,0,0.0,0.0,233.54,0.0
2024-10-21 13:03:03+00:00,0,0.0,0.0,233.54,0.0
2024-10-21 13:03:04+00:00,0,0.0,0.0,233.54,0.0
2024-10-21 13:03:05+00:00,-400,0.0,0.0,233.54,0.0
2024-10-21 13:03:06+00:00,0,0.0,0.0,233.54,0.0
2024-10-21 13:03:07+00:00,-4,0.0,0.0,233.535,-2.1409608632283472e-05
2024-10-21 13:03:08+00:00,300,0.0,0.0,233.535,0.0
2024-10-21 13:03:09+00:00,0,0.0,0.0,233.535,0.0
2024-10-21 13:03:10+00:00,0,0.0,0.0,233.535,0.0
2024-10-21 13:03:11+00:00,0,0.0,0.0,233.535,0.0
2024-10-21 13:03:12+00:00,-206,0.0,0.0,233.54500000000002,4.282013402701068e-05
2024-10-21 13:03:13+00:00,88,0.0,0.0,233.57,0.00010704575135411787
2024-10-21 13:03:14+00:00,-272,0.0,0.0,233.53,-0.00017125487006031115
2024-10-21 13:03:15+00:00,0,0.0,0.0,233.53,0.0
2024-10-21 13:03:16+00:00,0,0.0,0.0,233.53,0.0
2024-10-21 13:03:17+00:00,0,0.0,0.0,233.53,0.0
2024-10-21 13:03:18+00:00,0,0.0,0.0,233.53,0.0
2024-10-21 13:03:19+00:00,0,0.0,0.0,233.53,0.0
2024-10-21 13:03:20+00:00,-472,0.0,0.0,233.535,2.1410525414378156e-05
2024-10-21 13:03:21+00:00,0,0.0,0.0,233.535,0.0
2024-10-21 13:03:22+00:00,0,0.0,0.0,233.535,0.0
2024-10-21 13:03:23+00:00,1,0.0,0.0,233.535,0.0
2024-10-21 13:03:24+00:00,0,0.0,0.0,233.535,0.0
2024-10-21 13:03:25+00:00,-400,0.0,0.0,233.535,0.0
2024-10-21 13:03:26+00:00,0,0.0,0.0,233.535,0.0
2024-10-21 13:03:27+00:00,0,0.0,0.0,233.535,0.0
2024-10-21 13:03:28+00:00,0,0.0,0.0,233.535,0.0
2024-10-21 13:03:29+00:00,0,0.0,0.0,233.535,0.0
2024-10-21 13:03:30+00:00,0,0.0,0.0,233.535,0.0
2024-10-21 13:03:31+00:00,0,0.0,0.0,233.535,0.0
2024-10-21 13:03:32+00:00,0,0.0,0.0,233.535,0.0
2024-10-21 13:03:33+00:00,0,0.0,0.0,233.535,0.0
2024-10-21 13:03:34+00:00,0,0.0,0.0,233.535,0.0
2024-10-21 13:03:35+00:00,0,0.0,0.0,233.535,0.0
2024-10-21 13:03:36+00:00,0,0.0,0.0,233.535,0.0
2024-10-21 13:03:37+00:00,0,0.0,0.0,233.535,0.0
2024-10-21 13:03:38+00:00,0,0.0,0.0,233.535,0.0
2024-10-21 13:03:39+00:00,0,0.0,0.0,233.535,0.0
2024-10-21 13:03:40+00:00,0,0.0,0.0,233.535,0.0
2024-10-21 13:03:41+00:00,-200,0.0,0.0,233.535,0.0
2024-10-21 13:03:42+00:00,0,0.0,0.0,233.535,0.0
2024-10-21 13:03:43+00:00,0,0.0,0.0,233.535,0.0
2024-10-21 13:03:44+00:00,0,0.0,0.0,233.535,0.0
2024-10-21 13:03:45+00:00,-200,0.0,0.0,233.535,0.0
2024-10-21 13:03:46+00:00,0,0.0,0.0,233.535,0.0
2024-10-21 13:03:47+00:00,0,0.0,0.0,233.535,0.0
2024-10-21 13:03:48+00:00,200,0.0,0.0,233.535,0.0
2024-10-21 13:03:49+00:00,0,0.0,0.0,233.535,0.0
2024-10-21 13:03:50+00:00,0,0.0,0.0,233.535,0.0
2024-10-21 13:03:51+00:00,0,0.0,0.0,233.535,0.0
2024-10-21 13:03:52+00:00,0,0.0,0.0,233.535,0.0
2024-10-21 13:03:53+00:00,200,0.0,0.0,233.535,0.0
2024-10-21 13:03:54+00:00,0,0.0,0.0,233.535,0.0
2024-10-21 13:03:55+00:00,0,0.0,0.0,233.535,0.0
2024-10-21 13:03:56+00:00,0,0.0,0.0,233.535,0.0
2024-10-21 13:03:57+00:00,0,0.0,0.0,233.535,0.0
2024-10-21 13:03:58+00:00,1,0.0,0.0,233.55,6.423020104051602e-05
2024-10-21 13:03:59+00:00,200,0.0,0.0,233.62,0.00029972168700487245
2024-10-21 13:04:00+00:00,-200,0.0,0.0,233.62,0.0
2024-10-21 13:04:01+00:00,0,0.0,0.0,233.62,0.0
2024-10-21 13:04:02+00:00,-20,0.0,0.0,233.575,-0.00019262049482071664
2024-10-21 13:04:03+00:00,0,0.0,0.0,233.575,0.0
2024-10-21 13:04:04+00:00,0,0.0,0.0,233.575,0.0
2024-10-21 13:04:05+00:00,0,0.0,0.0,233.575,0.0
2024-10-21 13:04:06+00:00,0,0.0,0.0,233.575,0.0
2024-10-21 13:04:07+00:00,-200,0.0,0.0,233.575,0.0
2024-10-21 13:04:08+00:00,0,0.0,0.0,233.575,0.0
2024-10-21 13:04:09+00:00,0,0.0,0.0,233.575,0.0
2024-10-21 13:04:10+00:00,0,0.0,0.0,233.575,0.0
2024-10-21 13:04:11+00:00,0,0.0,0.0,233.575,0.0
2024-10-21 13:04:12+00:00,-200,0.0,0.0,233.575,0.0
2024-10-21 13:04:13+00:00,0,0.0,0.0,233.575,0.0
2024-10-21 13:04:14+00:00,0,0.0,0.0,233.575,0.0
2024-10-21 13:04:15+00:00,0,0.0,0.0,233.575,0.0
2024-10-21 13:04:16+00:00,0,0.0,0.0,233.56,-6.421920154120464e-05
2024-10-21 13:04:17+00:00,-200,0.0,0.0,233.56,0.0
2024-10-21 13:04:18+00:00,0,0.0,0.0,233.56,0.0
2024-10-21 13:04:19+00:00,0,0.0,0.0,233.56,0.0
2024-10-21 13:04:20+00:00,-14,0.0,0.0,233.535,-0.00010703887651997146
